W,Mo,Se,S,formula,n_elements,n_vac_Me,n_vac_X,n_atoms,n_configs,sum_weight,onset_T_K,dGhull_0K,dGhull_10K,dGhull_20K,dGhull_30K,dGhull_40K,dGhull_50K,dGhull_60K,dGhull_70K,dGhull_80K,dGhull_90K,dGhull_100K,dGhull_110K,dGhull_120K,dGhull_130K,dGhull_140K,dGhull_150K,dGhull_160K,dGhull_170K,dGhull_180K,dGhull_190K,dGhull_200K,dGhull_210K,dGhull_220K,dGhull_230K,dGhull_240K,dGhull_250K,dGhull_260K,dGhull_270K,dGhull_280K,dGhull_290K,dGhull_300K,dGhull_310K,dGhull_320K,dGhull_330K,dGhull_340K,dGhull_350K,dGhull_360K,dGhull_370K,dGhull_380K,dGhull_390K,dGhull_400K,dGhull_410K,dGhull_420K,dGhull_430K,dGhull_440K,dGhull_450K,dGhull_460K,dGhull_470K,dGhull_480K,dGhull_490K,dGhull_500K,dGhull_510K,dGhull_520K,dGhull_530K,dGhull_540K,dGhull_550K,dGhull_560K,dGhull_570K,dGhull_580K,dGhull_590K,dGhull_600K,dGhull_610K,dGhull_620K,dGhull_630K,dGhull_640K,dGhull_650K,dGhull_660K,dGhull_670K,dGhull_680K,dGhull_690K,dGhull_700K,dGhull_710K,dGhull_720K,dGhull_730K,dGhull_740K,dGhull_750K,dGhull_760K,dGhull_770K,dGhull_780K,dGhull_790K,dGhull_800K,dGhull_810K,dGhull_820K,dGhull_830K,dGhull_840K,dGhull_850K,dGhull_860K,dGhull_870K,dGhull_880K,dGhull_890K,dGhull_900K,dGhull_910K,dGhull_920K,dGhull_930K,dGhull_940K,dGhull_950K,dGhull_960K,dGhull_970K,dGhull_980K,dGhull_990K,dGhull_1000K,dGhull_1010K,dGhull_1020K,dGhull_1030K,dGhull_1040K,dGhull_1050K,dGhull_1060K,dGhull_1070K,dGhull_1080K,dGhull_1090K,dGhull_1100K,dGhull_1110K,dGhull_1120K,dGhull_1130K,dGhull_1140K,dGhull_1150K,dGhull_1160K,dGhull_1170K,dGhull_1180K,dGhull_1190K,dGhull_1200K
0,4,0,8,W0Mo4Se0S8,2,0,0,12,1,1.0,0.0,-0.0000,0.0000,0.0000,-0.0000,-0.0000,0.0000,0.0000,-0.0000,0.0000,-0.0000,-0.0000,-0.0000,0.0000,-0.0000,-0.0000,-0.0000,0.0000,-0.0000,-0.0000,0.0000,-0.0000,0.0000,-0.0000,-0.0000,0.0000,-0.0000,-0.0000,-0.0000,0.0000,-0.0000,-0.0000,-0.0000,-0.0000,0.0000,0.0000,0.0000,0.0000,0.0000,-0.0000,0.0000,-0.0000,-0.0000,0.0000,0.0000,-0.0000,-0.0000,-0.0000,-0.0000,0.0000,-0.0000,-0.0000,-0.0000,-0.0000,-0.0000,0.0000,-0.0000,-0.0000,-0.0000,-0.0000,-0.0000,-0.0000,0.0000,-0.0000,0.0000,0.0000,0.0000,0.0000,0.0000,-0.0000,0.0000,0.0000,0.0000,0.0000,0.0000,-0.0000,-0.0000,-0.0000,-0.0000,0.0000,0.0000,-0.0000,-0.0000,-0.0000,-0.0000,-0.0000,0.0000,-0.0000,-0.0000,-0.0000,0.0000,0.0000,-0.0000,-0.0000,0.0000,-0.0000,-0.0000,-0.0000,-0.0000,-0.0000,0.0000,-0.0000,-0.0000,-0.0000,-0.0000,-0.0000,-0.0000,-0.0000,-0.0000,0.0000,0.0000,-0.0000,0.0000,0.0000,-0.0000,-0.0000,-0.0000,0.0000,-0.0000,-0.0000,-0.0000,0.0000
0,4,1,7,W0Mo4Se1S7,3,0,0,12,1,8.0,120.0,0.6647,0.6045,0.5444,0.4845,0.4251,0.3665,0.3091,0.2529,0.1982,0.1450,0.0932,0.0429,0.0000,0.0000,-0.0000,0.0000,-0.0000,-0.0000,-0.0000,-0.0000,-0.0000,0.0000,-0.0000,0.0000,-0.0000,-0.0000,-0.0000,0.0000,0.0000,-0.0000,0.0000,-0.0000,-0.0000,0.0000,-0.0000,-0.0000,0.0000,0.0000,-0.0000,-0.0000,-0.0000,-0.0000,-0.0000,0.0000,-0.0000,-0.0000,-0.0000,-0.0000,-0.0000,-0.0000,-0.0000,0.0000,-0.0000,0.0000,-0.0000,-0.0000,-0.0000,0.0000,-0.0000,-0.0000,-0.0000,-0.0000,-0.0000,-0.0000,-0.0000,-0.0000,-0.0000,0.0000,-0.0000,0.0000,0.0000,-0.0000,-0.0000,-0.0000,-0.0000,-0.0000,-0.0000,-0.0000,-0.0000,-0.0000,-0.0000,-0.0000,-0.0000,0.0000,-0.0000,0.0000,-0.0000,-0.0000,0.0000,-0.0000,-0.0000,0.0000,-0.0000,-0.0000,0.0000,-0.0000,-0.0000,-0.0000,-0.0000,-0.0000,-0.0000,-0.0000,-0.0000,-0.0000,0.0000,0.0000,-0.0000,-0.0000,-0.0000,-0.0000,-0.0000,0.0000,-0.0000,-0.0000,-0.0000,-0.0000,-0.0000,-0.0000,-0.0000,-0.0000,-0.0000
0,4,2,6,W0Mo4Se2S6,3,0,0,12,3,28.0,0.0,-0.0000,0.0000,-0.0000,-0.0000,-0.0000,0.0000,0.0000,0.0000,-0.0000,-0.0000,-0.0000,-0.0000,-0.0000,-0.0000,-0.0000,-0.0000,-0.0000,-0.0000,0.0000,-0.0000,0.0000,-0.0000,-0.0000,-0.0000,-0.0000,-0.0000,-0.0000,-0.0000,-0.0000,-0.0000,-0.0000,-0.0000,0.0000,0.0000,-0.0000,-0.0000,-0.0000,-0.0000,0.0000,-0.0000,-0.0000,0.0000,0.0000,0.0000,-0.0000,0.0000,-0.0000,-0.0000,-0.0000,-0.0000,-0.0000,-0.0000,-0.0000,-0.0000,-0.0000,-0.0000,-0.0000,-0.0000,-0.0000,-0.0000,-0.0000,-0.0000,-0.0000,-0.0000,-0.0000,-0.0000,-0.0000,-0.0000,-0.0000,-0.0000,0.0000,-0.0000,-0.0000,-0.0000,-0.0000,-0.0000,-0.0000,0.0000,0.0000,-0.0000,0.0000,-0.0000,-0.0000,-0.0000,-0.0000,-0.0000,-0.0000,0.0000,-0.0000,-0.0000,-0.0000,0.0000,-0.0000,0.0000,-0.0000,-0.0000,-0.0000,-0.0000,-0.0000,-0.0000,-0.0000,-0.0000,-0.0000,-0.0000,-0.0000,-0.0000,-0.0000,-0.0000,0.0000,-0.0000,-0.0000,0.0000,-0.0000,-0.0000,-0.0000,-0.0000,-0.0000,-0.0000,-0.0000,-0.0000,-0.0000
0,4,3,5,W0Mo4Se3S5,3,0,0,12,3,56.0,120.0,0.6921,0.6174,0.5428,0.4693,0.3993,0.3344,0.2745,0.2190,0.1672,0.1187,0.0732,0.0304,0.0000,-0.0000,0.0000,-0.0000,-0.0000,0.0000,-0.0000,-0.0000,-0.0000,0.0000,-0.0000,-0.0000,-0.0000,-0.0000,-0.0000,-0.0000,-0.0000,-0.0000,-0.0000,-0.0000,-0.0000,-0.0000,-0.0000,-0.0000,-0.0000,-0.0000,-0.0000,-0.0000,-0.0000,0.0000,0.0000,-0.0000,-0.0000,-0.0000,-0.0000,-0.0000,0.0000,-0.0000,-0.0000,-0.0000,-0.0000,-0.0000,-0.0000,-0.0000,0.0000,0.0000,-0.0000,-0.0000,-0.0000,-0.0000,-0.0000,-0.0000,0.0000,-0.0000,-0.0000,0.0000,-0.0000,-0.0000,-0.0000,-0.0000,-0.0000,-0.0000,-0.0000,0.0000,-0.0000,-0.0000,-0.0000,-0.0000,0.0000,0.0000,-0.0000,0.0000,-0.0000,-0.0000,-0.0000,-0.0000,-0.0000,-0.0000,-0.0000,-0.0000,0.0000,-0.0000,-0.0000,-0.0000,-0.0000,-0.0000,-0.0000,0.0000,-0.0000,-0.0000,-0.0000,-0.0000,0.0000,-0.0000,-0.0000,-0.0000,0.0000,-0.0000,-0.0000,-0.0000,0.0000,-0.0000,-0.0000,-0.0000,-0.0000,-0.0000,-0.0000,0.0000,-0.0000
0,4,4,4,W0Mo4Se4S4,3,0,0,12,6,70.0,0.0,-0.0000,-0.0000,-0.0000,-0.0000,0.0000,-0.0000,-0.0000,-0.0000,-0.0000,0.0000,-0.0000,-0.0000,-0.0000,-0.0000,-0.0000,-0.0000,-0.0000,0.0000,0.0000,-0.0000,-0.0000,-0.0000,-0.0000,0.0000,0.0000,-0.0000,-0.0000,-0.0000,0.0000,-0.0000,-0.0000,0.0000,-0.0000,0.0000,-0.0000,-0.0000,-0.0000,-0.0000,-0.0000,-0.0000,-0.0000,-0.0000,-0.0000,0.0000,-0.0000,0.0000,-0.0000,-0.0000,-0.0000,0.0000,-0.0000,-0.0000,-0.0000,-0.0000,-0.0000,0.0000,-0.0000,-0.0000,-0.0000,-0.0000,-0.0000,0.0000,-0.0000,-0.0000,-0.0000,-0.0000,-0.0000,-0.0000,0.0000,0.0000,-0.0000,0.0000,-0.0000,-0.0000,-0.0000,-0.0000,-0.0000,-0.0000,-0.0000,-0.0000,-0.0000,-0.0000,-0.0000,0.0000,-0.0000,0.0000,-0.0000,0.0000,-0.0000,-0.0000,-0.0000,-0.0000,-0.0000,0.0000,-0.0000,-0.0000,-0.0000,0.0000,-0.0000,-0.0000,-0.0000,-0.0000,-0.0000,-0.0000,-0.0000,-0.0000,-0.0000,0.0000,0.0000,0.0000,-0.0000,-0.0000,0.0000,-0.0000,-0.0000,-0.0000,-0.0000,-0.0000,-0.0000,-0.0000,0.0000
0,4,5,3,W0Mo4Se5S3,3,0,0,12,3,56.0,130.0,0.8444,0.7127,0.5810,0.5020,0.4313,0.3653,0.3042,0.2476,0.1949,0.1458,0.0998,0.0567,0.0163,-0.0000,-0.0000,0.0000,-0.0000,-0.0000,-0.0000,0.0000,-0.0000,0.0000,0.0000,-0.0000,0.0000,-0.0000,0.0000,-0.0000,0.0000,-0.0000,0.0000,0.0000,-0.0000,-0.0000,0.0000,0.0000,-0.0000,-0.0000,-0.0000,-0.0000,-0.0000,-0.0000,-0.0000,-0.0000,-0.0000,-0.0000,-0.0000,0.0000,-0.0000,0.0000,0.0000,-0.0000,-0.0000,-0.0000,-0.0000,-0.0000,0.0000,-0.0000,0.0000,-0.0000,-0.0000,-0.0000,-0.0000,-0.0000,0.0000,0.0000,-0.0000,-0.0000,-0.0000,-0.0000,-0.0000,-0.0000,0.0000,-0.0000,-0.0000,-0.0000,-0.0000,-0.0000,-0.0000,0.0000,-0.0000,-0.0000,-0.0000,-0.0000,-0.0000,-0.0000,0.0000,-0.0000,0.0000,-0.0000,-0.0000,-0.0000,0.0000,0.0000,0.0000,-0.0000,-0.0000,-0.0000,0.0000,-0.0000,-0.0000,-0.0000,-0.0000,0.0000,-0.0000,-0.0000,-0.0000,-0.0000,0.0000,-0.0000,-0.0000,-0.0000,-0.0000,-0.0000,-0.0000,-0.0000,-0.0000,-0.0000,0.0000,-0.0000,-0.0000
0,4,6,2,W0Mo4Se6S2,3,0,0,12,3,28.0,30.0,0.2386,0.1245,0.0105,0.0000,0.0000,-0.0000,-0.0000,-0.0000,0.0000,-0.0000,-0.0000,-0.0000,-0.0000,-0.0000,-0.0000,-0.0000,-0.0000,0.0000,0.0000,0.0000,-0.0000,-0.0000,0.0000,0.0000,-0.0000,0.0000,-0.0000,0.0000,-0.0000,-0.0000,0.0000,-0.0000,-0.0000,0.0000,-0.0000,-0.0000,-0.0000,-0.0000,0.0000,0.0000,-0.0000,-0.0000,-0.0000,-0.0000,-0.0000,0.0000,-0.0000,0.0000,-0.0000,-0.0000,-0.0000,-0.0000,0.0000,-0.0000,0.0000,-0.0000,0.0000,-0.0000,-0.0000,-0.0000,-0.0000,-0.0000,0.0000,-0.0000,-0.0000,-0.0000,0.0000,-0.0000,-0.0000,-0.0000,-0.0000,-0.0000,0.0000,-0.0000,0.0000,-0.0000,-0.0000,-0.0000,-0.0000,-0.0000,-0.0000,-0.0000,-0.0000,-0.0000,-0.0000,-0.0000,-0.0000,-0.0000,-0.0000,0.0000,-0.0000,-0.0000,-0.0000,0.0000,0.0000,-0.0000,-0.0000,-0.0000,-0.0000,-0.0000,-0.0000,-0.0000,-0.0000,0.0000,-0.0000,-0.0000,-0.0000,-0.0000,-0.0000,-0.0000,-0.0000,-0.0000,-0.0000,-0.0000,-0.0000,-0.0000,-0.0000,0.0000,0.0000,0.0000,-0.0000
0,4,7,1,W0Mo4Se7S1,3,0,0,12,1,8.0,130.0,0.8205,0.7033,0.5862,0.5212,0.4621,0.4042,0.3477,0.2926,0.2390,0.1871,0.1367,0.0878,0.0404,-0.0000,-0.0000,-0.0000,-0.0000,0.0000,-0.0000,0.0000,-0.0000,-0.0000,0.0000,0.0000,-0.0000,-0.0000,-0.0000,-0.0000,-0.0000,0.0000,0.0000,-0.0000,-0.0000,-0.0000,-0.0000,-0.0000,-0.0000,-0.0000,0.0000,0.0000,0.0000,0.0000,-0.0000,-0.0000,-0.0000,-0.0000,-0.0000,-0.0000,-0.0000,0.0000,-0.0000,-0.0000,-0.0000,0.0000,0.0000,-0.0000,-0.0000,0.0000,0.0000,-0.0000,-0.0000,0.0000,-0.0000,0.0000,-0.0000,-0.0000,-0.0000,0.0000,-0.0000,-0.0000,0.0000,0.0000,-0.0000,-0.0000,-0.0000,-0.0000,-0.0000,-0.0000,-0.0000,-0.0000,-0.0000,-0.0000,0.0000,-0.0000,-0.0000,0.0000,0.0000,0.0000,-0.0000,-0.0000,-0.0000,-0.0000,-0.0000,0.0000,-0.0000,-0.0000,-0.0000,-0.0000,0.0000,-0.0000,0.0000,0.0000,-0.0000,0.0000,-0.0000,0.0000,-0.0000,-0.0000,-0.0000,-0.0000,0.0000,-0.0000,-0.0000,-0.0000,-0.0000,-0.0000,-0.0000,-0.0000,0.0000,-0.0000,-0.0000
0,4,8,0,W0Mo4Se8S0,2,0,0,12,1,1.0,0.0,0.0000,-0.0000,-0.0000,0.0000,-0.0000,-0.0000,0.0000,-0.0000,-0.0000,-0.0000,-0.0000,-0.0000,-0.0000,-0.0000,0.0000,0.0000,-0.0000,-0.0000,-0.0000,-0.0000,-0.0000,-0.0000,-0.0000,-0.0000,-0.0000,0.0000,-0.0000,-0.0000,0.0000,0.0000,-0.0000,-0.0000,-0.0000,0.0000,-0.0000,-0.0000,-0.0000,-0.0000,-0.0000,-0.0000,-0.0000,-0.0000,-0.0000,-0.0000,-0.0000,-0.0000,-0.0000,0.0000,0.0000,-0.0000,0.0000,0.0000,0.0000,-0.0000,0.0000,-0.0000,-0.0000,0.0000,0.0000,0.0000,-0.0000,-0.0000,-0.0000,0.0000,-0.0000,-0.0000,-0.0000,-0.0000,-0.0000,0.0000,-0.0000,-0.0000,-0.0000,-0.0000,0.0000,0.0000,0.0000,0.0000,0.0000,0.0000,-0.0000,-0.0000,-0.0000,0.0000,-0.0000,-0.0000,-0.0000,0.0000,0.0000,-0.0000,0.0000,0.0000,-0.0000,0.0000,-0.0000,0.0000,-0.0000,0.0000,0.0000,0.0000,0.0000,-0.0000,-0.0000,-0.0000,-0.0000,-0.0000,0.0000,0.0000,-0.0000,-0.0000,0.0000,-0.0000,-0.0000,-0.0000,0.0000,-0.0000,-0.0000,0.0000,-0.0000,0.0000,-0.0000
1,3,0,8,W1Mo3Se0S8,3,0,0,12,1,4.0,0.0,-0.0000,-0.0000,0.0000,-0.0000,-0.0000,-0.0000,-0.0000,-0.0000,-0.0000,-0.0000,0.0000,0.0000,0.0000,-0.0000,-0.0000,-0.0000,0.0000,-0.0000,-0.0000,-0.0000,-0.0000,-0.0000,-0.0000,-0.0000,-0.0000,0.0000,-0.0000,-0.0000,-0.0000,0.0000,-0.0000,-0.0000,-0.0000,-0.0000,-0.0000,-0.0000,-0.0000,-0.0000,-0.0000,-0.0000,0.0000,-0.0000,-0.0000,0.0000,-0.0000,-0.0000,-0.0000,-0.0000,-0.0000,-0.0000,-0.0000,-0.0000,-0.0000,-0.0000,-0.0000,-0.0000,-0.0000,0.0000,-0.0000,-0.0000,-0.0000,-0.0000,0.0000,0.0000,-0.0000,0.0000,-0.0000,-0.0000,-0.0000,-0.0000,-0.0000,-0.0000,-0.0000,-0.0000,-0.0000,-0.0000,-0.0000,-0.0000,-0.0000,-0.0000,-0.0000,-0.0000,-0.0000,0.0000,-0.0000,-0.0000,-0.0000,-0.0000,-0.0000,-0.0000,0.0000,-0.0000,-0.0000,-0.0000,-0.0000,-0.0000,-0.0000,-0.0000,-0.0000,-0.0000,-0.0000,-0.0000,-0.0000,-0.0000,-0.0000,-0.0000,-0.0000,-0.0000,0.0000,-0.0000,-0.0000,0.0000,-0.0000,-0.0000,-0.0000,-0.0000,-0.0000,-0.0000,-0.0000,-0.0000,-0.0000
1,3,1,7,W1Mo3Se1S7,4,0,0,12,2,32.0,230.0,0.9905,0.9553,0.9202,0.8858,0.8533,0.8216,0.7881,0.7502,0.7210,0.6939,0.6601,0.6207,0.5765,0.5284,0.4772,0.4235,0.3677,0.3103,0.2515,0.1917,0.1309,0.0695,0.0074,-0.0000,-0.0000,0.0000,0.0000,-0.0000,-0.0000,-0.0000,-0.0000,-0.0000,-0.0000,-0.0000,-0.0000,0.0000,-0.0000,-0.0000,-0.0000,-0.0000,-0.0000,-0.0000,-0.0000,-0.0000,-0.0000,-0.0000,-0.0000,-0.0000,-0.0000,-0.0000,-0.0000,-0.0000,-0.0000,-0.0000,0.0000,-0.0000,-0.0000,-0.0000,-0.0000,-0.0000,-0.0000,-0.0000,-0.0000,-0.0000,-0.0000,-0.0000,0.0000,-0.0000,-0.0000,-0.0000,-0.0000,-0.0000,-0.0000,-0.0000,-0.0000,-0.0000,-0.0000,-0.0000,-0.0000,-0.0000,-0.0000,-0.0000,-0.0000,-0.0000,-0.0000,-0.0000,-0.0000,-0.0000,0.0000,-0.0000,-0.0000,-0.0000,-0.0000,-0.0000,-0.0000,-0.0000,-0.0000,-0.0000,-0.0000,-0.0000,-0.0000,-0.0000,-0.0000,-0.0000,-0.0000,-0.0000,-0.0000,-0.0000,-0.0000,-0.0000,-0.0000,0.0000,0.0000,-0.0000,-0.0000,-0.0000,-0.0000,-0.0000,-0.0000,-0.0000,-0.0000
1,3,2,6,W1Mo3Se2S6,4,0,0,12,6,112.0,260.0,1.8777,1.9067,1.9233,1.8989,1.8441,1.7776,1.7082,1.6381,1.5673,1.4952,1.4212,1.3448,1.2658,1.1841,1.0997,1.0126,0.9230,0.8311,0.7370,0.6408,0.5428,0.4430,0.3417,0.2389,0.1348,0.0295,-0.0000,-0.0000,0.0000,-0.0000,-0.0000,0.0000,-0.0000,-0.0000,-0.0000,-0.0000,-0.0000,-0.0000,0.0000,-0.0000,-0.0000,0.0000,-0.0000,0.0000,-0.0000,-0.0000,-0.0000,-0.0000,-0.0000,-0.0000,-0.0000,-0.0000,-0.0000,-0.0000,-0.0000,-0.0000,-0.0000,-0.0000,-0.0000,-0.0000,-0.0000,-0.0000,-0.0000,-0.0000,-0.0000,0.0000,-0.0000,-0.0000,-0.0000,-0.0000,-0.0000,-0.0000,0.0000,-0.0000,-0.0000,-0.0000,-0.0000,-0.0000,-0.0000,-0.0000,-0.0000,0.0000,-0.0000,-0.0000,-0.0000,-0.0000,-0.0000,-0.0000,-0.0000,-0.0000,-0.0000,-0.0000,-0.0000,-0.0000,-0.0000,-0.0000,-0.0000,0.0000,-0.0000,-0.0000,-0.0000,0.0000,-0.0000,0.0000,-0.0000,-0.0000,-0.0000,-0.0000,-0.0000,0.0000,-0.0000,-0.0000,-0.0000,-0.0000,-0.0000,-0.0000,-0.0000,0.0000,-0.0000,-0.0000,-0.0000
1,3,3,5,W1Mo3Se3S5,4,0,0,12,8,224.0,300.0,4.1582,4.0382,3.9112,3.7789,3.6305,3.4751,3.3187,3.1633,3.0091,2.8562,2.7042,2.5528,2.4019,2.2584,2.1198,1.9805,1.8406,1.7000,1.5587,1.4168,1.2742,1.1310,0.9873,0.8429,0.6981,0.5527,0.4068,0.2604,0.1317,0.0375,-0.0000,0.0000,-0.0000,-0.0000,-0.0000,-0.0000,-0.0000,-0.0000,-0.0000,-0.0000,-0.0000,-0.0000,-0.0000,-0.0000,0.0000,-0.0000,-0.0000,-0.0000,-0.0000,-0.0000,-0.0000,-0.0000,-0.0000,-0.0000,-0.0000,-0.0000,-0.0000,-0.0000,-0.0000,-0.0000,-0.0000,-0.0000,0.0000,-0.0000,-0.0000,-0.0000,-0.0000,-0.0000,-0.0000,-0.0000,-0.0000,-0.0000,-0.0000,-0.0000,-0.0000,-0.0000,-0.0000,-0.0000,-0.0000,-0.0000,-0.0000,-0.0000,-0.0000,-0.0000,-0.0000,0.0000,-0.0000,-0.0000,-0.0000,-0.0000,0.0000,-0.0000,-0.0000,-0.0000,-0.0000,-0.0000,0.0000,-0.0000,-0.0000,-0.0000,0.0000,-0.0000,-0.0000,-0.0000,-0.0000,-0.0000,-0.0000,-0.0000,-0.0000,0.0000,-0.0000,-0.0000,-0.0000,-0.0000,-0.0000,-0.0000,-0.0000,-0.0000,-0.0000,-0.0000,-0.0000
1,3,4,4,W1Mo3Se4S4,4,0,0,12,12,280.0,320.0,4.9434,4.7912,4.6371,4.5435,4.4457,4.3372,4.2191,4.0925,3.9584,3.8176,3.6709,3.5188,3.3620,3.2008,3.0358,2.8672,2.6955,2.5208,2.3436,2.1640,1.9823,1.7985,1.6131,1.4260,1.2374,1.0474,0.8562,0.6639,0.4705,0.2762,0.1835,0.0904,0.0000,0.0000,-0.0000,-0.0000,-0.0000,-0.0000,-0.0000,-0.0000,-0.0000,-0.0000,-0.0000,-0.0000,-0.0000,-0.0000,-0.0000,-0.0000,-0.0000,0.0000,-0.0000,-0.0000,-0.0000,-0.0000,-0.0000,0.0000,-0.0000,-0.0000,-0.0000,-0.0000,-0.0000,-0.0000,-0.0000,-0.0000,-0.0000,-0.0000,-0.0000,-0.0000,-0.0000,-0.0000,0.0000,-0.0000,0.0000,-0.0000,-0.0000,-0.0000,-0.0000,-0.0000,-0.0000,0.0000,-0.0000,-0.0000,-0.0000,-0.0000,-0.0000,-0.0000,-0.0000,-0.0000,-0.0000,-0.0000,-0.0000,-0.0000,0.0000,-0.0000,-0.0000,-0.0000,-0.0000,-0.0000,-0.0000,0.0000,-0.0000,-0.0000,0.0000,-0.0000,0.0000,-0.0000,-0.0000,-0.0000,-0.0000,-0.0000,-0.0000,-0.0000,-0.0000,-0.0000,-0.0000,-0.0000,-0.0000,-0.0000,0.0000,-0.0000,-0.0000
1,3,5,3,W1Mo3Se5S3,4,0,0,12,8,224.0,330.0,7.1101,6.9258,6.7413,6.5712,6.3935,6.2012,5.9927,5.7688,5.5319,5.2842,5.0279,4.7646,4.5079,4.2730,4.0546,3.8333,3.6095,3.3835,3.1556,2.9261,2.6951,2.4628,2.2293,1.9947,1.7592,1.5227,1.2855,1.0474,0.8086,0.5692,0.3422,0.1510,0.0108,0.0000,-0.0000,-0.0000,-0.0000,-0.0000,-0.0000,-0.0000,-0.0000,-0.0000,-0.0000,-0.0000,-0.0000,-0.0000,-0.0000,-0.0000,0.0000,-0.0000,-0.0000,-0.0000,-0.0000,-0.0000,0.0000,-0.0000,-0.0000,-0.0000,-0.0000,-0.0000,-0.0000,-0.0000,-0.0000,-0.0000,-0.0000,-0.0000,-0.0000,-0.0000,-0.0000,-0.0000,-0.0000,-0.0000,-0.0000,-0.0000,-0.0000,-0.0000,-0.0000,-0.0000,-0.0000,-0.0000,-0.0000,0.0000,-0.0000,-0.0000,-0.0000,-0.0000,0.0000,-0.0000,-0.0000,-0.0000,-0.0000,-0.0000,-0.0000,0.0000,-0.0000,-0.0000,-0.0000,-0.0000,-0.0000,-0.0000,-0.0000,-0.0000,-0.0000,0.0000,-0.0000,-0.0000,-0.0000,-0.0000,-0.0000,-0.0000,-0.0000,-0.0000,0.0000,-0.0000,-0.0000,-0.0000,0.0000,-0.0000,-0.0000,-0.0000,-0.0000
1,3,6,2,W1Mo3Se6S2,4,0,0,12,6,112.0,310.0,8.6669,8.4387,8.2104,7.9811,7.7489,7.5119,7.2688,7.0189,6.7623,6.4990,6.2294,5.9541,5.6734,5.3879,5.0980,4.8041,4.5067,4.2061,3.9026,3.5965,3.2880,2.9774,2.6649,2.3506,2.0347,1.7173,1.3986,1.0787,0.7577,0.4957,0.2474,-0.0000,-0.0000,0.0000,-0.0000,-0.0000,0.0000,-0.0000,-0.0000,-0.0000,0.0000,-0.0000,-0.0000,-0.0000,-0.0000,-0.0000,-0.0000,-0.0000,0.0000,-0.0000,-0.0000,-0.0000,-0.0000,-0.0000,0.0000,-0.0000,-0.0000,-0.0000,-0.0000,-0.0000,-0.0000,-0.0000,-0.0000,0.0000,-0.0000,-0.0000,-0.0000,-0.0000,-0.0000,0.0000,-0.0000,-0.0000,-0.0000,-0.0000,-0.0000,-0.0000,-0.0000,-0.0000,-0.0000,-0.0000,-0.0000,-0.0000,-0.0000,0.0000,-0.0000,-0.0000,-0.0000,-0.0000,-0.0000,-0.0000,-0.0000,-0.0000,-0.0000,-0.0000,0.0000,-0.0000,-0.0000,-0.0000,0.0000,-0.0000,-0.0000,-0.0000,-0.0000,-0.0000,0.0000,0.0000,0.0000,-0.0000,-0.0000,-0.0000,-0.0000,-0.0000,-0.0000,-0.0000,-0.0000,-0.0000,-0.0000,-0.0000,-0.0000,-0.0000,-0.0000
1,3,7,1,W1Mo3Se7S1,4,0,0,12,2,32.0,300.0,5.0442,4.8657,4.6873,4.5088,4.3302,4.1510,3.9709,3.8021,3.6343,3.4657,3.2963,3.1261,2.9553,2.7840,2.6122,2.4400,2.2674,2.0945,1.9214,1.7480,1.5744,1.4007,1.2268,1.0527,0.8786,0.7043,0.5299,0.3554,0.1809,0.0063,-0.0000,-0.0000,-0.0000,-0.0000,-0.0000,-0.0000,-0.0000,-0.0000,-0.0000,0.0000,-0.0000,-0.0000,-0.0000,-0.0000,0.0000,-0.0000,-0.0000,-0.0000,-0.0000,-0.0000,-0.0000,-0.0000,-0.0000,-0.0000,0.0000,-0.0000,-0.0000,0.0000,-0.0000,-0.0000,-0.0000,-0.0000,-0.0000,0.0000,-0.0000,-0.0000,-0.0000,-0.0000,-0.0000,0.0000,-0.0000,-0.0000,-0.0000,0.0000,-0.0000,-0.0000,-0.0000,0.0000,-0.0000,-0.0000,-0.0000,-0.0000,-0.0000,0.0000,0.0000,-0.0000,-0.0000,-0.0000,-0.0000,-0.0000,-0.0000,-0.0000,-0.0000,-0.0000,-0.0000,-0.0000,-0.0000,-0.0000,-0.0000,-0.0000,-0.0000,-0.0000,-0.0000,-0.0000,-0.0000,-0.0000,-0.0000,-0.0000,-0.0000,-0.0000,-0.0000,-0.0000,-0.0000,-0.0000,-0.0000,-0.0000,-0.0000,-0.0000,-0.0000,-0.0000,-0.0000
1,3,8,0,W1Mo3Se8S0,3,0,0,12,1,4.0,0.0,-0.0000,-0.0000,-0.0000,-0.0000,-0.0000,-0.0000,-0.0000,-0.0000,0.0000,-0.0000,0.0000,0.0000,-0.0000,-0.0000,0.0000,-0.0000,-0.0000,0.0000,-0.0000,-0.0000,-0.0000,-0.0000,-0.0000,0.0000,-0.0000,-0.0000,-0.0000,-0.0000,-0.0000,-0.0000,-0.0000,-0.0000,-0.0000,-0.0000,0.0000,-0.0000,-0.0000,-0.0000,0.0000,-0.0000,0.0000,0.0000,-0.0000,-0.0000,-0.0000,0.0000,0.0000,0.0000,-0.0000,-0.0000,-0.0000,-0.0000,0.0000,0.0000,-0.0000,-0.0000,-0.0000,0.0000,-0.0000,-0.0000,-0.0000,-0.0000,0.0000,-0.0000,0.0000,-0.0000,0.0000,0.0000,-0.0000,0.0000,-0.0000,-0.0000,-0.0000,0.0000,0.0000,-0.0000,-0.0000,-0.0000,-0.0000,-0.0000,0.0000,-0.0000,-0.0000,0.0000,-0.0000,-0.0000,0.0000,-0.0000,-0.0000,0.0000,-0.0000,-0.0000,-0.0000,-0.0000,0.0000,-0.0000,0.0000,-0.0000,0.0000,-0.0000,-0.0000,-0.0000,-0.0000,-0.0000,-0.0000,-0.0000,0.0000,-0.0000,-0.0000,0.0000,-0.0000,-0.0000,-0.0000,-0.0000,-0.0000,-0.0000,-0.0000,0.0000,-0.0000,-0.0000,-0.0000
2,2,0,8,W2Mo2Se0S8,3,0,0,12,1,6.0,0.0,-0.0000,-0.0000,-0.0000,-0.0000,-0.0000,-0.0000,-0.0000,-0.0000,0.0000,-0.0000,0.0000,-0.0000,-0.0000,-0.0000,-0.0000,-0.0000,-0.0000,-0.0000,-0.0000,-0.0000,-0.0000,0.0000,-0.0000,-0.0000,-0.0000,0.0000,-0.0000,-0.0000,-0.0000,-0.0000,-0.0000,-0.0000,-0.0000,-0.0000,-0.0000,-0.0000,-0.0000,-0.0000,-0.0000,-0.0000,-0.0000,-0.0000,-0.0000,-0.0000,-0.0000,-0.0000,-0.0000,-0.0000,-0.0000,-0.0000,-0.0000,-0.0000,-0.0000,-0.0000,-0.0000,-0.0000,-0.0000,-0.0000,-0.0000,-0.0000,-0.0000,0.0000,-0.0000,-0.0000,-0.0000,-0.0000,-0.0000,-0.0000,-0.0000,-0.0000,-0.0000,-0.0000,-0.0000,0.0000,0.0000,-0.0000,-0.0000,-0.0000,0.0000,-0.0000,-0.0000,-0.0000,-0.0000,-0.0000,-0.0000,-0.0000,0.0000,-0.0000,-0.0000,-0.0000,-0.0000,0.0000,0.0000,-0.0000,-0.0000,-0.0000,-0.0000,-0.0000,-0.0000,-0.0000,-0.0000,-0.0000,-0.0000,0.0000,-0.0000,-0.0000,0.0000,-0.0000,-0.0000,-0.0000,-0.0000,0.0000,0.0000,-0.0000,-0.0000,-0.0000,-0.0000,-0.0000,-0.0000,-0.0000,-0.0000
2,2,1,7,W2Mo2Se1S7,4,0,0,12,2,48.0,270.0,2.9195,2.8054,2.6914,2.5782,2.4675,2.3597,2.2540,2.1490,2.0437,1.9375,1.8303,1.7218,1.6121,1.5013,1.3895,1.2769,1.1635,1.0494,0.9347,0.8194,0.7038,0.5877,0.4713,0.3545,0.2375,0.1203,0.0412,-0.0000,-0.0000,0.0000,-0.0000,-0.0000,-0.0000,-0.0000,0.0000,-0.0000,0.0000,-0.0000,-0.0000,-0.0000,-0.0000,-0.0000,-0.0000,-0.0000,-0.0000,-0.0000,-0.0000,-0.0000,-0.0000,-0.0000,-0.0000,-0.0000,-0.0000,-0.0000,-0.0000,-0.0000,-0.0000,-0.0000,-0.0000,-0.0000,-0.0000,-0.0000,-0.0000,-0.0000,-0.0000,-0.0000,0.0000,-0.0000,-0.0000,-0.0000,-0.0000,-0.0000,-0.0000,-0.0000,-0.0000,-0.0000,-0.0000,-0.0000,-0.0000,-0.0000,-0.0000,-0.0000,-0.0000,-0.0000,-0.0000,-0.0000,-0.0000,-0.0000,-0.0000,-0.0000,-0.0000,-0.0000,-0.0000,-0.0000,-0.0000,-0.0000,-0.0000,-0.0000,-0.0000,-0.0000,-0.0000,-0.0000,-0.0000,-0.0000,-0.0000,-0.0000,-0.0000,-0.0000,-0.0000,-0.0000,-0.0000,-0.0000,-0.0000,-0.0000,-0.0000,-0.0000,-0.0000,-0.0000,-0.0000,-0.0000,-0.0000
2,2,2,6,W2Mo2Se2S6,4,0,0,12,8,168.0,290.0,4.4374,4.3467,4.2561,4.1990,4.1405,4.0712,3.9872,3.8875,3.7732,3.6459,3.5078,3.3604,3.2052,3.0434,2.8760,2.7036,2.5270,2.3466,2.1629,1.9763,1.7870,1.5953,1.4015,1.2058,1.0083,0.8093,0.6088,0.4070,0.2040,-0.0000,-0.0000,-0.0000,-0.0000,-0.0000,-0.0000,-0.0000,-0.0000,-0.0000,-0.0000,-0.0000,-0.0000,-0.0000,-0.0000,-0.0000,-0.0000,-0.0000,-0.0000,-0.0000,0.0000,-0.0000,-0.0000,-0.0000,-0.0000,-0.0000,-0.0000,-0.0000,-0.0000,-0.0000,-0.0000,0.0000,0.0000,-0.0000,-0.0000,-0.0000,0.0000,-0.0000,-0.0000,-0.0000,0.0000,-0.0000,0.0000,-0.0000,0.0000,-0.0000,-0.0000,-0.0000,0.0000,-0.0000,-0.0000,0.0000,-0.0000,-0.0000,-0.0000,-0.0000,-0.0000,-0.0000,-0.0000,-0.0000,-0.0000,-0.0000,-0.0000,-0.0000,-0.0000,-0.0000,-0.0000,-0.0000,-0.0000,-0.0000,-0.0000,-0.0000,-0.0000,-0.0000,0.0000,-0.0000,-0.0000,-0.0000,0.0000,-0.0000,-0.0000,-0.0000,-0.0000,-0.0000,-0.0000,-0.0000,-0.0000,-0.0000,-0.0000,-0.0000,-0.0000,-0.0000,-0.0000
2,2,3,5,W2Mo2Se3S5,4,0,0,12,10,336.0,320.0,8.4024,8.2236,8.0303,7.8054,7.5577,7.2954,7.0226,6.7411,6.4518,6.1558,5.8536,5.5462,5.2522,4.9892,4.7237,4.4560,4.1863,3.9150,3.6421,3.3678,3.0922,2.8155,2.5377,2.2590,1.9793,1.6988,1.4176,1.1356,0.8529,0.5696,0.3117,0.1261,-0.0000,-0.0000,-0.0000,-0.0000,-0.0000,-0.0000,-0.0000,-0.0000,-0.0000,-0.0000,-0.0000,-0.0000,-0.0000,-0.0000,0.0000,-0.0000,-0.0000,0.0000,-0.0000,-0.0000,-0.0000,-0.0000,0.0000,-0.0000,-0.0000,0.0000,-0.0000,-0.0000,-0.0000,-0.0000,-0.0000,0.0000,-0.0000,-0.0000,-0.0000,-0.0000,-0.0000,-0.0000,-0.0000,-0.0000,0.0000,-0.0000,-0.0000,-0.0000,0.0000,-0.0000,-0.0000,-0.0000,-0.0000,-0.0000,-0.0000,-0.0000,0.0000,-0.0000,-0.0000,-0.0000,0.0000,-0.0000,-0.0000,-0.0000,-0.0000,0.0000,-0.0000,-0.0000,-0.0000,-0.0000,-0.0000,0.0000,-0.0000,-0.0000,-0.0000,-0.0000,0.0000,-0.0000,-0.0000,-0.0000,-0.0000,-0.0000,0.0000,-0.0000,-0.0000,-0.0000,-0.0000,-0.0000,-0.0000,-0.0000,-0.0000,-0.0000,-0.0000
2,2,4,4,W2Mo2Se4S4,4,0,0,12,16,420.0,340.0,10.6661,10.5369,10.3778,10.1500,9.8785,9.5848,9.2780,8.9618,8.6375,8.3060,7.9676,7.6226,7.2714,6.9143,6.5518,6.1841,5.8118,5.4351,5.0545,4.6702,4.2826,3.8920,3.4986,3.1027,2.7044,2.3041,1.9017,1.4976,1.0919,0.8048,0.5455,0.2848,0.1505,0.0632,-0.0000,-0.0000,0.0000,-0.0000,-0.0000,-0.0000,-0.0000,-0.0000,-0.0000,-0.0000,-0.0000,-0.0000,-0.0000,0.0000,-0.0000,-0.0000,-0.0000,-0.0000,0.0000,-0.0000,0.0000,-0.0000,-0.0000,-0.0000,-0.0000,-0.0000,-0.0000,0.0000,-0.0000,0.0000,-0.0000,-0.0000,-0.0000,-0.0000,-0.0000,-0.0000,-0.0000,-0.0000,-0.0000,-0.0000,0.0000,-0.0000,-0.0000,-0.0000,-0.0000,-0.0000,-0.0000,-0.0000,-0.0000,-0.0000,-0.0000,-0.0000,-0.0000,-0.0000,-0.0000,-0.0000,0.0000,-0.0000,-0.0000,0.0000,-0.0000,-0.0000,-0.0000,-0.0000,-0.0000,-0.0000,-0.0000,-0.0000,-0.0000,-0.0000,-0.0000,-0.0000,-0.0000,-0.0000,-0.0000,-0.0000,-0.0000,-0.0000,-0.0000,-0.0000,-0.0000,-0.0000,-0.0000,-0.0000,-0.0000,-0.0000,-0.0000
2,2,5,3,W2Mo2Se5S3,4,0,0,12,10,336.0,340.0,8.5422,8.3636,8.1745,7.9564,7.7136,7.4539,7.1818,6.9373,6.6910,6.4388,6.1817,5.9206,5.6560,5.3886,5.1188,4.8468,4.5731,4.2978,4.0211,3.7432,3.4641,3.1841,2.9031,2.6213,2.3388,2.0555,1.7716,1.4870,1.2019,0.9163,0.6301,0.3435,0.1068,0.0154,-0.0000,-0.0000,-0.0000,-0.0000,-0.0000,-0.0000,-0.0000,-0.0000,-0.0000,-0.0000,-0.0000,-0.0000,-0.0000,-0.0000,-0.0000,-0.0000,-0.0000,-0.0000,-0.0000,-0.0000,-0.0000,-0.0000,-0.0000,-0.0000,-0.0000,-0.0000,-0.0000,-0.0000,-0.0000,-0.0000,-0.0000,-0.0000,0.0000,0.0000,-0.0000,-0.0000,0.0000,-0.0000,-0.0000,-0.0000,-0.0000,-0.0000,-0.0000,-0.0000,-0.0000,-0.0000,-0.0000,-0.0000,-0.0000,-0.0000,-0.0000,-0.0000,-0.0000,-0.0000,-0.0000,-0.0000,-0.0000,-0.0000,-0.0000,-0.0000,-0.0000,-0.0000,0.0000,0.0000,-0.0000,-0.0000,-0.0000,-0.0000,-0.0000,-0.0000,-0.0000,0.0000,0.0000,-0.0000,-0.0000,-0.0000,0.0000,-0.0000,-0.0000,-0.0000,-0.0000,-0.0000,-0.0000,-0.0000,-0.0000,-0.0000,0.0000
2,2,6,2,W2Mo2Se6S2,4,0,0,12,8,168.0,310.0,4.8209,4.7684,4.7156,4.6605,4.5978,4.5218,4.4298,4.3219,4.1997,4.0651,3.9201,3.7663,3.6052,3.4377,3.2648,3.0872,2.9056,2.7204,2.5321,2.3410,2.1475,1.9517,1.7540,1.5546,1.3536,1.1511,0.9474,0.7424,0.5365,0.3295,0.1217,0.0000,-0.0000,-0.0000,-0.0000,-0.0000,-0.0000,-0.0000,-0.0000,-0.0000,-0.0000,-0.0000,-0.0000,-0.0000,-0.0000,-0.0000,-0.0000,0.0000,-0.0000,-0.0000,-0.0000,-0.0000,-0.0000,-0.0000,-0.0000,-0.0000,-0.0000,-0.0000,0.0000,-0.0000,-0.0000,-0.0000,-0.0000,-0.0000,-0.0000,-0.0000,-0.0000,-0.0000,-0.0000,-0.0000,0.0000,-0.0000,-0.0000,-0.0000,-0.0000,-0.0000,-0.0000,-0.0000,-0.0000,-0.0000,-0.0000,-0.0000,0.0000,0.0000,0.0000,-0.0000,-0.0000,-0.0000,-0.0000,-0.0000,-0.0000,0.0000,0.0000,-0.0000,-0.0000,-0.0000,-0.0000,0.0000,-0.0000,-0.0000,-0.0000,-0.0000,-0.0000,-0.0000,-0.0000,-0.0000,-0.0000,-0.0000,-0.0000,-0.0000,-0.0000,-0.0000,-0.0000,-0.0000,-0.0000,-0.0000,-0.0000,-0.0000,-0.0000,-0.0000,-0.0000
2,2,7,1,W2Mo2Se7S1,4,0,0,12,2,48.0,280.0,3.1919,3.0778,2.9637,2.8503,2.7409,2.6371,2.5303,2.4200,2.3060,2.1939,2.0830,1.9710,1.8579,1.7438,1.6290,1.5134,1.3972,1.2806,1.1635,1.0460,0.9282,0.8102,0.6919,0.5735,0.4548,0.3361,0.2171,0.0981,-0.0000,-0.0000,-0.0000,-0.0000,-0.0000,-0.0000,0.0000,0.0000,-0.0000,-0.0000,-0.0000,-0.0000,0.0000,0.0000,-0.0000,-0.0000,0.0000,-0.0000,-0.0000,-0.0000,0.0000,-0.0000,-0.0000,-0.0000,-0.0000,-0.0000,-0.0000,0.0000,-0.0000,0.0000,-0.0000,-0.0000,-0.0000,-0.0000,-0.0000,-0.0000,-0.0000,-0.0000,-0.0000,-0.0000,-0.0000,-0.0000,-0.0000,-0.0000,-0.0000,0.0000,-0.0000,-0.0000,-0.0000,-0.0000,-0.0000,-0.0000,-0.0000,-0.0000,-0.0000,-0.0000,-0.0000,-0.0000,-0.0000,-0.0000,-0.0000,-0.0000,0.0000,-0.0000,-0.0000,-0.0000,-0.0000,-0.0000,-0.0000,0.0000,-0.0000,-0.0000,-0.0000,0.0000,-0.0000,-0.0000,-0.0000,-0.0000,-0.0000,-0.0000,-0.0000,0.0000,-0.0000,-0.0000,-0.0000,-0.0000,-0.0000,-0.0000,-0.0000,-0.0000,-0.0000,-0.0000,-0.0000
2,2,8,0,W2Mo2Se8S0,3,0,0,12,1,6.0,0.0,-0.0000,0.0000,0.0000,-0.0000,0.0000,-0.0000,0.0000,-0.0000,-0.0000,0.0000,-0.0000,0.0000,-0.0000,-0.0000,0.0000,0.0000,-0.0000,-0.0000,-0.0000,0.0000,-0.0000,-0.0000,-0.0000,-0.0000,-0.0000,0.0000,-0.0000,-0.0000,-0.0000,0.0000,-0.0000,-0.0000,-0.0000,-0.0000,-0.0000,-0.0000,-0.0000,-0.0000,0.0000,-0.0000,0.0000,0.0000,0.0000,0.0000,-0.0000,-0.0000,-0.0000,0.0000,-0.0000,0.0000,0.0000,-0.0000,0.0000,-0.0000,0.0000,-0.0000,0.0000,-0.0000,-0.0000,0.0000,-0.0000,-0.0000,0.0000,0.0000,-0.0000,-0.0000,0.0000,0.0000,-0.0000,0.0000,-0.0000,-0.0000,-0.0000,0.0000,0.0000,0.0000,-0.0000,-0.0000,0.0000,-0.0000,0.0000,-0.0000,-0.0000,-0.0000,0.0000,-0.0000,-0.0000,-0.0000,-0.0000,-0.0000,0.0000,0.0000,-0.0000,-0.0000,0.0000,-0.0000,-0.0000,0.0000,-0.0000,0.0000,0.0000,0.0000,-0.0000,-0.0000,-0.0000,-0.0000,-0.0000,-0.0000,0.0000,-0.0000,-0.0000,-0.0000,0.0000,-0.0000,0.0000,-0.0000,0.0000,0.0000,0.0000,-0.0000,-0.0000
3,1,0,8,W3Mo1Se0S8,3,0,0,12,1,4.0,0.0,-0.0000,-0.0000,-0.0000,-0.0000,-0.0000,-0.0000,-0.0000,-0.0000,-0.0000,-0.0000,-0.0000,-0.0000,-0.0000,-0.0000,-0.0000,-0.0000,-0.0000,-0.0000,-0.0000,-0.0000,-0.0000,-0.0000,-0.0000,-0.0000,-0.0000,-0.0000,-0.0000,-0.0000,-0.0000,-0.0000,-0.0000,-0.0000,-0.0000,-0.0000,-0.0000,-0.0000,-0.0000,-0.0000,-0.0000,-0.0000,-0.0000,-0.0000,-0.0000,-0.0000,-0.0000,-0.0000,-0.0000,-0.0000,-0.0000,0.0000,-0.0000,-0.0000,0.0000,0.0000,-0.0000,-0.0000,-0.0000,-0.0000,-0.0000,-0.0000,-0.0000,-0.0000,-0.0000,0.0000,-0.0000,0.0000,0.0000,0.0000,-0.0000,-0.0000,-0.0000,-0.0000,-0.0000,-0.0000,-0.0000,-0.0000,-0.0000,-0.0000,-0.0000,-0.0000,-0.0000,-0.0000,-0.0000,-0.0000,-0.0000,-0.0000,-0.0000,-0.0000,-0.0000,-0.0000,0.0000,-0.0000,-0.0000,-0.0000,-0.0000,0.0000,-0.0000,0.0000,-0.0000,-0.0000,-0.0000,0.0000,-0.0000,-0.0000,-0.0000,-0.0000,-0.0000,-0.0000,-0.0000,0.0000,0.0000,-0.0000,-0.0000,-0.0000,-0.0000,0.0000,-0.0000,0.0000,-0.0000,-0.0000,-0.0000
3,1,1,7,W3Mo1Se1S7,4,0,0,12,2,32.0,280.0,4.8536,4.6752,4.4967,4.3182,4.1395,3.9600,3.7795,3.5976,3.4144,3.2298,3.0438,2.8567,2.6747,2.5033,2.3316,2.1594,1.9869,1.8141,1.6411,1.4678,1.2944,1.1207,0.9470,0.7730,0.5990,0.4248,0.2506,0.0762,-0.0000,0.0000,-0.0000,-0.0000,-0.0000,-0.0000,0.0000,-0.0000,-0.0000,-0.0000,-0.0000,-0.0000,-0.0000,-0.0000,-0.0000,-0.0000,-0.0000,-0.0000,-0.0000,-0.0000,-0.0000,-0.0000,-0.0000,-0.0000,0.0000,-0.0000,-0.0000,-0.0000,-0.0000,-0.0000,-0.0000,-0.0000,-0.0000,-0.0000,-0.0000,0.0000,-0.0000,-0.0000,-0.0000,-0.0000,-0.0000,-0.0000,-0.0000,-0.0000,0.0000,-0.0000,-0.0000,-0.0000,-0.0000,-0.0000,-0.0000,0.0000,-0.0000,-0.0000,0.0000,-0.0000,0.0000,-0.0000,-0.0000,-0.0000,-0.0000,-0.0000,0.0000,-0.0000,-0.0000,-0.0000,-0.0000,-0.0000,0.0000,-0.0000,-0.0000,-0.0000,-0.0000,-0.0000,-0.0000,-0.0000,-0.0000,-0.0000,-0.0000,-0.0000,-0.0000,-0.0000,-0.0000,-0.0000,-0.0000,-0.0000,-0.0000,-0.0000,-0.0000,-0.0000,-0.0000,-0.0000,-0.0000
3,1,2,6,W3Mo1Se2S6,4,0,0,12,6,112.0,300.0,8.3215,8.0933,7.8651,7.6363,7.4051,7.1692,6.9270,6.6778,6.4215,6.1586,5.8894,5.6145,5.3343,5.0495,4.7604,4.4675,4.1710,3.8714,3.5690,3.2639,2.9566,2.6470,2.3356,2.0224,1.7075,1.3912,1.0735,0.7546,0.4346,0.1735,-0.0000,0.0000,-0.0000,0.0000,-0.0000,-0.0000,-0.0000,-0.0000,-0.0000,-0.0000,0.0000,-0.0000,-0.0000,-0.0000,-0.0000,-0.0000,-0.0000,-0.0000,-0.0000,-0.0000,-0.0000,-0.0000,-0.0000,-0.0000,0.0000,-0.0000,-0.0000,-0.0000,-0.0000,0.0000,-0.0000,-0.0000,-0.0000,-0.0000,-0.0000,-0.0000,-0.0000,-0.0000,-0.0000,-0.0000,-0.0000,-0.0000,-0.0000,-0.0000,-0.0000,0.0000,-0.0000,-0.0000,-0.0000,-0.0000,-0.0000,0.0000,0.0000,-0.0000,-0.0000,-0.0000,-0.0000,-0.0000,-0.0000,-0.0000,-0.0000,-0.0000,-0.0000,0.0000,-0.0000,-0.0000,-0.0000,-0.0000,-0.0000,-0.0000,-0.0000,-0.0000,-0.0000,0.0000,-0.0000,0.0000,-0.0000,-0.0000,0.0000,-0.0000,-0.0000,-0.0000,-0.0000,-0.0000,-0.0000,-0.0000,-0.0000,-0.0000,-0.0000,-0.0000,-0.0000
3,1,3,5,W3Mo1Se3S5,4,0,0,12,8,224.0,320.0,6.9488,6.7835,6.6181,6.4508,6.2751,6.0845,5.8763,5.6763,5.4666,5.2462,5.0177,4.7830,4.5436,4.3006,4.0749,3.8498,3.6224,3.3931,3.1620,2.9295,2.6956,2.4607,2.2247,1.9878,1.7500,1.5115,1.2723,1.0324,0.7920,0.5509,0.3094,0.0673,-0.0000,0.0000,-0.0000,-0.0000,-0.0000,-0.0000,0.0000,-0.0000,-0.0000,-0.0000,0.0000,-0.0000,-0.0000,-0.0000,-0.0000,-0.0000,-0.0000,-0.0000,0.0000,-0.0000,-0.0000,-0.0000,-0.0000,-0.0000,-0.0000,0.0000,-0.0000,-0.0000,-0.0000,-0.0000,-0.0000,-0.0000,-0.0000,-0.0000,-0.0000,-0.0000,-0.0000,-0.0000,-0.0000,-0.0000,-0.0000,0.0000,-0.0000,-0.0000,-0.0000,-0.0000,-0.0000,-0.0000,-0.0000,-0.0000,-0.0000,-0.0000,0.0000,-0.0000,-0.0000,-0.0000,-0.0000,-0.0000,-0.0000,-0.0000,-0.0000,-0.0000,-0.0000,-0.0000,-0.0000,-0.0000,0.0000,0.0000,-0.0000,-0.0000,-0.0000,-0.0000,-0.0000,-0.0000,-0.0000,-0.0000,-0.0000,0.0000,-0.0000,-0.0000,-0.0000,-0.0000,0.0000,0.0000,-0.0000,-0.0000,0.0000,-0.0000,-0.0000
3,1,4,4,W3Mo1Se4S4,4,0,0,12,12,280.0,320.0,5.1586,5.0819,4.9940,4.8902,4.7755,4.6521,4.5208,4.3824,4.2375,4.0867,3.9306,3.7696,3.6043,3.4351,3.2625,3.0867,2.9081,2.7270,2.5436,2.3582,2.1710,1.9821,1.7917,1.5999,1.4070,1.2128,1.0177,0.8216,0.6246,0.4269,0.2284,0.0728,-0.0000,-0.0000,-0.0000,-0.0000,-0.0000,-0.0000,-0.0000,0.0000,-0.0000,-0.0000,0.0000,-0.0000,-0.0000,0.0000,-0.0000,-0.0000,-0.0000,-0.0000,-0.0000,0.0000,-0.0000,-0.0000,-0.0000,-0.0000,-0.0000,-0.0000,-0.0000,-0.0000,-0.0000,0.0000,-0.0000,-0.0000,-0.0000,-0.0000,-0.0000,0.0000,-0.0000,-0.0000,0.0000,-0.0000,-0.0000,-0.0000,-0.0000,-0.0000,0.0000,-0.0000,-0.0000,-0.0000,0.0000,-0.0000,-0.0000,-0.0000,-0.0000,-0.0000,0.0000,-0.0000,-0.0000,-0.0000,-0.0000,-0.0000,-0.0000,-0.0000,-0.0000,-0.0000,-0.0000,-0.0000,-0.0000,-0.0000,-0.0000,-0.0000,-0.0000,-0.0000,-0.0000,-0.0000,-0.0000,-0.0000,-0.0000,0.0000,-0.0000,-0.0000,-0.0000,-0.0000,-0.0000,-0.0000,-0.0000,-0.0000,-0.0000,-0.0000,-0.0000
3,1,5,3,W3Mo1Se5S3,4,0,0,12,8,224.0,310.0,4.5740,4.4725,4.3535,4.2030,4.0412,3.8830,3.7178,3.5476,3.3737,3.2072,3.0467,2.8872,2.7284,2.5715,2.4263,2.2808,2.1348,1.9885,1.8418,1.6946,1.5471,1.3991,1.2508,1.1021,0.9531,0.8038,0.6541,0.5041,0.3539,0.2033,0.0896,-0.0000,-0.0000,0.0000,-0.0000,-0.0000,-0.0000,-0.0000,-0.0000,-0.0000,0.0000,-0.0000,0.0000,-0.0000,-0.0000,-0.0000,-0.0000,-0.0000,-0.0000,-0.0000,-0.0000,0.0000,-0.0000,-0.0000,-0.0000,-0.0000,-0.0000,-0.0000,-0.0000,-0.0000,-0.0000,-0.0000,-0.0000,-0.0000,-0.0000,-0.0000,0.0000,-0.0000,-0.0000,-0.0000,-0.0000,-0.0000,-0.0000,-0.0000,0.0000,-0.0000,-0.0000,-0.0000,-0.0000,-0.0000,-0.0000,-0.0000,-0.0000,-0.0000,-0.0000,-0.0000,-0.0000,-0.0000,-0.0000,-0.0000,-0.0000,-0.0000,-0.0000,-0.0000,-0.0000,-0.0000,-0.0000,-0.0000,0.0000,-0.0000,-0.0000,-0.0000,-0.0000,-0.0000,-0.0000,-0.0000,-0.0000,-0.0000,0.0000,0.0000,-0.0000,-0.0000,0.0000,-0.0000,-0.0000,-0.0000,-0.0000,-0.0000,-0.0000,-0.0000,0.0000
3,1,6,2,W3Mo1Se6S2,4,0,0,12,6,112.0,280.0,2.3988,2.4276,2.4341,2.3911,2.3209,2.2424,2.1623,2.0820,2.0009,1.9185,1.8341,1.7474,1.6583,1.5667,1.4728,1.3767,1.2784,1.1783,1.0764,0.9728,0.8678,0.7615,0.6540,0.5454,0.4358,0.3253,0.2140,0.1019,-0.0000,-0.0000,-0.0000,-0.0000,-0.0000,-0.0000,-0.0000,-0.0000,-0.0000,-0.0000,-0.0000,-0.0000,-0.0000,-0.0000,-0.0000,-0.0000,0.0000,-0.0000,-0.0000,-0.0000,-0.0000,-0.0000,-0.0000,-0.0000,-0.0000,-0.0000,-0.0000,-0.0000,-0.0000,-0.0000,-0.0000,-0.0000,0.0000,-0.0000,-0.0000,-0.0000,-0.0000,-0.0000,-0.0000,0.0000,-0.0000,-0.0000,-0.0000,-0.0000,-0.0000,-0.0000,-0.0000,-0.0000,-0.0000,-0.0000,-0.0000,-0.0000,-0.0000,-0.0000,0.0000,-0.0000,0.0000,-0.0000,-0.0000,-0.0000,-0.0000,0.0000,-0.0000,-0.0000,-0.0000,-0.0000,-0.0000,-0.0000,-0.0000,-0.0000,-0.0000,-0.0000,-0.0000,-0.0000,-0.0000,-0.0000,-0.0000,-0.0000,-0.0000,-0.0000,-0.0000,0.0000,-0.0000,-0.0000,-0.0000,-0.0000,-0.0000,-0.0000,-0.0000,-0.0000,-0.0000,-0.0000,0.0000
3,1,7,1,W3Mo1Se7S1,4,0,0,12,2,32.0,250.0,1.4865,1.4513,1.4161,1.3808,1.3439,1.3026,1.2545,1.1989,1.1362,1.0676,0.9941,0.9167,0.8362,0.7534,0.6689,0.6023,0.5363,0.4714,0.4059,0.3400,0.2739,0.2076,0.1411,0.0745,0.0079,-0.0000,-0.0000,0.0000,-0.0000,0.0000,-0.0000,-0.0000,0.0000,-0.0000,0.0000,-0.0000,-0.0000,-0.0000,-0.0000,-0.0000,0.0000,-0.0000,-0.0000,-0.0000,-0.0000,-0.0000,-0.0000,-0.0000,-0.0000,-0.0000,-0.0000,-0.0000,-0.0000,-0.0000,-0.0000,-0.0000,0.0000,-0.0000,-0.0000,0.0000,-0.0000,-0.0000,-0.0000,0.0000,-0.0000,-0.0000,-0.0000,-0.0000,-0.0000,-0.0000,-0.0000,-0.0000,-0.0000,0.0000,-0.0000,0.0000,-0.0000,-0.0000,-0.0000,-0.0000,-0.0000,-0.0000,-0.0000,-0.0000,0.0000,-0.0000,-0.0000,-0.0000,0.0000,-0.0000,-0.0000,-0.0000,-0.0000,-0.0000,0.0000,-0.0000,-0.0000,-0.0000,-0.0000,-0.0000,-0.0000,-0.0000,-0.0000,-0.0000,-0.0000,-0.0000,-0.0000,-0.0000,-0.0000,-0.0000,-0.0000,-0.0000,-0.0000,-0.0000,-0.0000,-0.0000,0.0000,-0.0000,-0.0000,-0.0000,-0.0000
3,1,8,0,W3Mo1Se8S0,3,0,0,12,1,4.0,0.0,0.0000,0.0000,-0.0000,0.0000,-0.0000,0.0000,-0.0000,0.0000,0.0000,-0.0000,-0.0000,0.0000,-0.0000,-0.0000,-0.0000,-0.0000,0.0000,-0.0000,-0.0000,-0.0000,0.0000,-0.0000,0.0000,0.0000,0.0000,-0.0000,-0.0000,0.0000,-0.0000,-0.0000,0.0000,0.0000,0.0000,-0.0000,-0.0000,-0.0000,0.0000,0.0000,0.0000,-0.0000,0.0000,-0.0000,0.0000,0.0000,-0.0000,-0.0000,0.0000,-0.0000,0.0000,0.0000,-0.0000,-0.0000,-0.0000,-0.0000,-0.0000,-0.0000,0.0000,0.0000,-0.0000,0.0000,0.0000,0.0000,-0.0000,-0.0000,-0.0000,-0.0000,0.0000,-0.0000,-0.0000,-0.0000,-0.0000,0.0000,-0.0000,0.0000,-0.0000,0.0000,-0.0000,0.0000,0.0000,-0.0000,0.0000,0.0000,-0.0000,0.0000,0.0000,-0.0000,0.0000,0.0000,0.0000,0.0000,0.0000,-0.0000,-0.0000,0.0000,-0.0000,-0.0000,-0.0000,-0.0000,-0.0000,-0.0000,-0.0000,-0.0000,-0.0000,0.0000,-0.0000,0.0000,0.0000,0.0000,0.0000,-0.0000,-0.0000,-0.0000,0.0000,-0.0000,-0.0000,-0.0000,-0.0000,-0.0000,0.0000,-0.0000,-0.0000
4,0,0,8,W4Mo0Se0S8,2,0,0,12,1,1.0,0.0,-0.0000,-0.0000,-0.0000,-0.0000,-0.0000,-0.0000,0.0000,-0.0000,0.0000,0.0000,-0.0000,0.0000,0.0000,-0.0000,-0.0000,-0.0000,-0.0000,-0.0000,0.0000,0.0000,-0.0000,-0.0000,0.0000,-0.0000,-0.0000,-0.0000,-0.0000,-0.0000,-0.0000,-0.0000,-0.0000,0.0000,-0.0000,-0.0000,-0.0000,0.0000,0.0000,-0.0000,0.0000,-0.0000,-0.0000,-0.0000,0.0000,0.0000,0.0000,-0.0000,-0.0000,-0.0000,-0.0000,-0.0000,-0.0000,-0.0000,0.0000,-0.0000,0.0000,0.0000,-0.0000,-0.0000,0.0000,0.0000,-0.0000,-0.0000,0.0000,-0.0000,-0.0000,-0.0000,0.0000,-0.0000,-0.0000,-0.0000,-0.0000,-0.0000,-0.0000,-0.0000,-0.0000,-0.0000,-0.0000,0.0000,-0.0000,0.0000,0.0000,-0.0000,0.0000,-0.0000,0.0000,0.0000,-0.0000,-0.0000,-0.0000,-0.0000,0.0000,-0.0000,0.0000,0.0000,-0.0000,-0.0000,0.0000,-0.0000,0.0000,0.0000,-0.0000,0.0000,-0.0000,0.0000,-0.0000,0.0000,0.0000,-0.0000,-0.0000,-0.0000,-0.0000,-0.0000,-0.0000,-0.0000,-0.0000,0.0000,-0.0000,0.0000,0.0000,-0.0000,0.0000
4,0,1,7,W4Mo0Se1S7,3,0,0,12,1,8.0,140.0,0.7317,0.6716,0.6115,0.5515,0.4920,0.4332,0.3754,0.3188,0.2634,0.2094,0.1568,0.1055,0.0556,0.0070,-0.0000,-0.0000,-0.0000,-0.0000,-0.0000,-0.0000,-0.0000,0.0000,0.0000,0.0000,0.0000,0.0000,-0.0000,-0.0000,-0.0000,-0.0000,-0.0000,-0.0000,-0.0000,-0.0000,-0.0000,0.0000,-0.0000,0.0000,0.0000,-0.0000,-0.0000,-0.0000,-0.0000,-0.0000,-0.0000,-0.0000,0.0000,-0.0000,0.0000,-0.0000,0.0000,0.0000,-0.0000,-0.0000,-0.0000,0.0000,-0.0000,-0.0000,-0.0000,-0.0000,0.0000,-0.0000,0.0000,-0.0000,-0.0000,-0.0000,-0.0000,-0.0000,-0.0000,-0.0000,0.0000,-0.0000,-0.0000,-0.0000,-0.0000,-0.0000,-0.0000,-0.0000,-0.0000,-0.0000,-0.0000,-0.0000,0.0000,-0.0000,-0.0000,0.0000,-0.0000,-0.0000,0.0000,-0.0000,0.0000,-0.0000,-0.0000,0.0000,-0.0000,0.0000,-0.0000,-0.0000,0.0000,-0.0000,-0.0000,-0.0000,-0.0000,-0.0000,-0.0000,-0.0000,0.0000,-0.0000,-0.0000,0.0000,-0.0000,-0.0000,-0.0000,-0.0000,-0.0000,0.0000,-0.0000,-0.0000,0.0000,0.0000,-0.0000
4,0,2,6,W4Mo0Se2S6,3,0,0,12,3,28.0,0.0,0.0000,-0.0000,0.0000,0.0000,0.0000,-0.0000,-0.0000,-0.0000,-0.0000,-0.0000,0.0000,-0.0000,-0.0000,-0.0000,0.0000,-0.0000,-0.0000,0.0000,0.0000,-0.0000,-0.0000,0.0000,0.0000,0.0000,-0.0000,-0.0000,0.0000,-0.0000,0.0000,-0.0000,-0.0000,-0.0000,-0.0000,-0.0000,-0.0000,0.0000,-0.0000,0.0000,-0.0000,-0.0000,0.0000,0.0000,-0.0000,-0.0000,-0.0000,0.0000,0.0000,-0.0000,-0.0000,-0.0000,-0.0000,-0.0000,-0.0000,-0.0000,-0.0000,-0.0000,-0.0000,-0.0000,0.0000,-0.0000,0.0000,-0.0000,0.0000,0.0000,0.0000,-0.0000,-0.0000,-0.0000,-0.0000,0.0000,-0.0000,-0.0000,-0.0000,0.0000,-0.0000,-0.0000,0.0000,0.0000,-0.0000,-0.0000,-0.0000,0.0000,-0.0000,0.0000,-0.0000,-0.0000,-0.0000,-0.0000,-0.0000,-0.0000,0.0000,-0.0000,-0.0000,0.0000,-0.0000,-0.0000,-0.0000,-0.0000,0.0000,-0.0000,-0.0000,0.0000,-0.0000,-0.0000,-0.0000,0.0000,-0.0000,-0.0000,-0.0000,0.0000,-0.0000,-0.0000,-0.0000,-0.0000,-0.0000,0.0000,0.0000,-0.0000,-0.0000,0.0000,-0.0000
4,0,3,5,W4Mo0Se3S5,3,0,0,12,3,56.0,130.0,0.7552,0.6806,0.6059,0.5321,0.4611,0.3947,0.3330,0.2756,0.2218,0.1712,0.1235,0.0785,0.0360,0.0000,0.0000,0.0000,-0.0000,-0.0000,0.0000,-0.0000,0.0000,-0.0000,0.0000,0.0000,-0.0000,-0.0000,-0.0000,-0.0000,0.0000,-0.0000,0.0000,-0.0000,-0.0000,-0.0000,-0.0000,-0.0000,-0.0000,-0.0000,0.0000,0.0000,-0.0000,0.0000,-0.0000,-0.0000,0.0000,-0.0000,0.0000,-0.0000,-0.0000,0.0000,-0.0000,0.0000,0.0000,-0.0000,-0.0000,-0.0000,-0.0000,-0.0000,-0.0000,-0.0000,-0.0000,-0.0000,0.0000,-0.0000,-0.0000,-0.0000,-0.0000,-0.0000,-0.0000,0.0000,0.0000,-0.0000,0.0000,-0.0000,-0.0000,-0.0000,0.0000,-0.0000,-0.0000,-0.0000,-0.0000,0.0000,-0.0000,-0.0000,-0.0000,-0.0000,-0.0000,-0.0000,-0.0000,-0.0000,-0.0000,-0.0000,-0.0000,0.0000,0.0000,0.0000,-0.0000,0.0000,0.0000,-0.0000,-0.0000,-0.0000,-0.0000,0.0000,-0.0000,0.0000,-0.0000,-0.0000,-0.0000,0.0000,-0.0000,-0.0000,0.0000,-0.0000,-0.0000,-0.0000,0.0000,-0.0000,0.0000,-0.0000,-0.0000
4,0,4,4,W4Mo0Se4S4,3,0,0,12,6,70.0,0.0,0.0000,0.0000,-0.0000,-0.0000,-0.0000,-0.0000,-0.0000,-0.0000,0.0000,-0.0000,-0.0000,-0.0000,-0.0000,-0.0000,0.0000,-0.0000,-0.0000,-0.0000,-0.0000,-0.0000,-0.0000,-0.0000,0.0000,0.0000,0.0000,-0.0000,-0.0000,-0.0000,-0.0000,-0.0000,-0.0000,-0.0000,0.0000,-0.0000,-0.0000,0.0000,0.0000,-0.0000,-0.0000,0.0000,-0.0000,0.0000,0.0000,-0.0000,-0.0000,-0.0000,0.0000,-0.0000,0.0000,-0.0000,0.0000,-0.0000,0.0000,-0.0000,-0.0000,-0.0000,0.0000,-0.0000,-0.0000,-0.0000,-0.0000,-0.0000,-0.0000,-0.0000,-0.0000,0.0000,-0.0000,0.0000,0.0000,-0.0000,-0.0000,0.0000,0.0000,-0.0000,-0.0000,-0.0000,-0.0000,0.0000,-0.0000,-0.0000,0.0000,0.0000,-0.0000,-0.0000,-0.0000,0.0000,-0.0000,-0.0000,0.0000,-0.0000,-0.0000,-0.0000,0.0000,0.0000,0.0000,0.0000,-0.0000,-0.0000,-0.0000,-0.0000,-0.0000,-0.0000,-0.0000,-0.0000,-0.0000,-0.0000,-0.0000,0.0000,-0.0000,0.0000,-0.0000,0.0000,-0.0000,-0.0000,-0.0000,-0.0000,-0.0000,-0.0000,-0.0000,-0.0000,-0.0000
4,0,5,3,W4Mo0Se5S3,3,0,0,12,3,56.0,140.0,0.9787,0.8470,0.7153,0.5847,0.5000,0.4326,0.3700,0.3117,0.2573,0.2063,0.1586,0.1138,0.0716,0.0320,-0.0000,-0.0000,-0.0000,-0.0000,0.0000,0.0000,-0.0000,-0.0000,-0.0000,0.0000,0.0000,-0.0000,-0.0000,0.0000,-0.0000,0.0000,-0.0000,0.0000,-0.0000,0.0000,-0.0000,-0.0000,0.0000,-0.0000,0.0000,-0.0000,-0.0000,-0.0000,-0.0000,0.0000,0.0000,-0.0000,-0.0000,-0.0000,-0.0000,-0.0000,-0.0000,-0.0000,0.0000,-0.0000,-0.0000,0.0000,-0.0000,-0.0000,-0.0000,0.0000,0.0000,0.0000,0.0000,0.0000,-0.0000,-0.0000,0.0000,0.0000,-0.0000,0.0000,-0.0000,-0.0000,0.0000,-0.0000,-0.0000,-0.0000,-0.0000,0.0000,-0.0000,-0.0000,-0.0000,0.0000,-0.0000,0.0000,0.0000,0.0000,-0.0000,-0.0000,-0.0000,-0.0000,-0.0000,-0.0000,-0.0000,0.0000,0.0000,0.0000,-0.0000,-0.0000,-0.0000,-0.0000,-0.0000,-0.0000,-0.0000,0.0000,0.0000,-0.0000,-0.0000,-0.0000,-0.0000,0.0000,-0.0000,-0.0000,0.0000,-0.0000,0.0000,-0.0000,-0.0000,0.0000,0.0000,-0.0000,-0.0000
4,0,6,2,W4Mo0Se6S2,3,0,0,12,3,28.0,40.0,0.3676,0.2535,0.1395,0.0264,0.0000,-0.0000,0.0000,0.0000,-0.0000,0.0000,0.0000,0.0000,0.0000,0.0000,0.0000,-0.0000,-0.0000,-0.0000,-0.0000,0.0000,0.0000,0.0000,0.0000,-0.0000,0.0000,-0.0000,-0.0000,-0.0000,-0.0000,-0.0000,0.0000,0.0000,-0.0000,0.0000,0.0000,-0.0000,0.0000,0.0000,0.0000,0.0000,-0.0000,0.0000,-0.0000,0.0000,-0.0000,0.0000,-0.0000,0.0000,-0.0000,-0.0000,-0.0000,-0.0000,0.0000,-0.0000,-0.0000,0.0000,-0.0000,-0.0000,0.0000,0.0000,0.0000,-0.0000,-0.0000,-0.0000,0.0000,-0.0000,0.0000,0.0000,-0.0000,-0.0000,-0.0000,-0.0000,0.0000,-0.0000,-0.0000,-0.0000,-0.0000,0.0000,-0.0000,-0.0000,-0.0000,0.0000,-0.0000,-0.0000,0.0000,0.0000,0.0000,-0.0000,-0.0000,-0.0000,-0.0000,-0.0000,0.0000,-0.0000,0.0000,0.0000,0.0000,-0.0000,0.0000,0.0000,-0.0000,0.0000,0.0000,0.0000,-0.0000,-0.0000,0.0000,-0.0000,-0.0000,-0.0000,-0.0000,-0.0000,-0.0000,-0.0000,-0.0000,-0.0000,-0.0000,-0.0000,0.0000,-0.0000,-0.0000
4,0,7,1,W4Mo0Se7S1,3,0,0,12,1,8.0,140.0,0.9306,0.8135,0.6963,0.5800,0.5077,0.4497,0.3930,0.3377,0.2839,0.2316,0.1807,0.1313,0.0834,0.0368,0.0000,-0.0000,-0.0000,-0.0000,0.0000,0.0000,-0.0000,0.0000,0.0000,-0.0000,0.0000,-0.0000,-0.0000,0.0000,0.0000,-0.0000,0.0000,0.0000,-0.0000,-0.0000,0.0000,-0.0000,-0.0000,0.0000,-0.0000,0.0000,-0.0000,-0.0000,-0.0000,0.0000,-0.0000,-0.0000,-0.0000,0.0000,0.0000,0.0000,-0.0000,-0.0000,-0.0000,0.0000,0.0000,-0.0000,-0.0000,0.0000,-0.0000,0.0000,-0.0000,0.0000,0.0000,0.0000,-0.0000,-0.0000,0.0000,-0.0000,-0.0000,-0.0000,-0.0000,0.0000,-0.0000,-0.0000,-0.0000,-0.0000,-0.0000,-0.0000,0.0000,-0.0000,-0.0000,0.0000,-0.0000,-0.0000,0.0000,0.0000,0.0000,0.0000,0.0000,0.0000,-0.0000,-0.0000,-0.0000,-0.0000,-0.0000,-0.0000,-0.0000,0.0000,-0.0000,-0.0000,-0.0000,-0.0000,0.0000,-0.0000,-0.0000,0.0000,0.0000,-0.0000,0.0000,0.0000,-0.0000,-0.0000,-0.0000,-0.0000,0.0000,-0.0000,0.0000,0.0000,0.0000,-0.0000,-0.0000
4,0,8,0,W4Mo0Se8S0,2,0,0,12,1,1.0,0.0,0.0000,0.0000,0.0000,0.0000,0.0000,0.0000,0.0000,0.0000,0.0000,0.0000,-0.0000,0.0000,0.0000,0.0000,0.0000,0.0000,0.0000,0.0000,0.0000,0.0000,0.0000,0.0000,0.0000,0.0000,0.0000,0.0000,0.0000,0.0000,0.0000,0.0000,0.0000,-0.0000,-0.0000,0.0000,0.0000,-0.0000,0.0000,0.0000,0.0000,0.0000,0.0000,0.0000,0.0000,-0.0000,0.0000,-0.0000,0.0000,-0.0000,0.0000,0.0000,0.0000,0.0000,0.0000,0.0000,-0.0000,0.0000,0.0000,0.0000,0.0000,0.0000,0.0000,-0.0000,0.0000,0.0000,0.0000,0.0000,0.0000,-0.0000,-0.0000,0.0000,0.0000,0.0000,-0.0000,0.0000,-0.0000,0.0000,-0.0000,0.0000,0.0000,-0.0000,0.0000,0.0000,-0.0000,0.0000,0.0000,0.0000,-0.0000,-0.0000,0.0000,0.0000,0.0000,0.0000,-0.0000,0.0000,-0.0000,0.0000,0.0000,-0.0000,0.0000,0.0000,0.0000,-0.0000,-0.0000,-0.0000,-0.0000,0.0000,0.0000,-0.0000,0.0000,0.0000,0.0000,-0.0000,0.0000,-0.0000,0.0000,0.0000,0.0000,-0.0000,0.0000,0.0000,-0.0000
