target,lo,hi,regime,ok,miss,dmax,members
W1Mo3Se1S7,0,70,supporting,True,[],0.005154690779370696,"{'Mo4Se4S4': 0.25, 'W1Mo3S8': 0.5, 'W2Mo2S8': 0.25}"
W1Mo3Se1S7,80,370,supporting,True,[],0.027066763522491044,"{'Mo4Se2S6': 0.5, 'W2Mo2S8': 0.5}"
W1Mo3Se1S7,380,1200,competing,True,[],,"{'W1Mo3S8': 0.5, 'W1Mo3Se2S6': 0.5}"
W3Mo1Se7S1,0,130,supporting,True,[],0.02154051369947041,"{'W2Mo2Se8': 0.25, 'W3Mo1Se8': 0.5, 'W4Se4S4': 0.25}"
W3Mo1Se7S1,140,150,supporting,True,[],0.02263899565822669,"{'W2Mo2Se8': 0.3333, 'W3Mo1Se8': 0.3333, 'W4Se5S3': 0.3333}"
W3Mo1Se7S1,160,370,supporting,True,[],0.020612199080475513,"{'W2Mo2Se8': 0.5, 'W4Se6S2': 0.5}"
W3Mo1Se7S1,380,1200,competing,True,[],,"{'W3Mo1Se6S2': 0.5, 'W3Mo1Se8': 0.5}"
W1Mo3Se2S6,0,290,supporting,True,[],0.0740844857632652,"{'Mo4Se4S4': 0.5, 'W2Mo2S8': 0.5}"
W1Mo3Se2S6,300,300,competing,True,[],,"{'Mo4Se4S4': 0.3333, 'W1Mo3Se1S7': 0.3333, 'W2Mo2Se1S7': 0.3333}"
W1Mo3Se2S6,310,370,competing,False,['Mo4Se3S5'],,"{'Mo4Se3S5': 0.5, 'W2Mo2Se1S7': 0.5}"
W1Mo3Se2S6,380,1200,competing,True,[],,"{'W1Mo3Se1S7': 0.5, 'W1Mo3Se3S5': 0.5}"
W2Mo2Se7S1,0,30,supporting,True,[],0.049403706517935575,"{'W1Mo3Se8': 0.5, 'W2Mo2Se8': 0.25, 'W4Se4S4': 0.25}"
W2Mo2Se7S1,40,80,supporting,True,[],0.05773341054054271,"{'W1Mo3Se8': 0.3333, 'W2Mo2Se8': 0.5, 'W4Se2S6': 0.1667}"
W2Mo2Se7S1,90,270,supporting,True,[],0.03922420220507661,"{'W1Mo3Se8': 0.5, 'W2Mo2Se8': 0.25, 'W4Se4S4': 0.25}"
W2Mo2Se7S1,280,480,supporting,True,[],0.022482517790433754,"{'W1Mo3Se8': 0.5, 'W3Mo1Se6S2': 0.5}"
W2Mo2Se7S1,490,1200,competing,False,['W2Mo2Se6S2'],,"{'W2Mo2Se6S2': 0.5, 'W2Mo2Se8': 0.5}"
W2Mo2Se2S6,0,20,supporting,True,[],0.06482309855285706,"{'Mo4Se4S4': 0.1667, 'Mo4Se8': 0.1667, 'W3Mo1S8': 0.6667}"
W2Mo2Se2S6,30,300,supporting,True,[],0.0529742887912974,"{'Mo4Se6S2': 0.3333, 'W3Mo1S8': 0.6667}"
W2Mo2Se2S6,310,470,competing,True,[],,"{'W1Mo3Se3S5': 0.5, 'W3Mo1Se1S7': 0.5}"
W2Mo2Se2S6,480,1200,competing,True,[],,"{'W2Mo2Se1S7': 0.5, 'W2Mo2Se3S5': 0.5}"
W1Mo3Se4S4,0,20,supporting,True,[],0.08194731635558838,"{'Mo4Se4S4': 0.3333, 'Mo4Se8': 0.3333, 'W3Mo1S8': 0.3333}"
W1Mo3Se4S4,30,280,supporting,True,[],0.06569120273704954,"{'Mo4Se6S2': 0.6667, 'W3Mo1S8': 0.3333}"
W1Mo3Se4S4,290,380,supporting,True,[],0.023854185608129352,"{'Mo4Se6S2': 0.5, 'W2Mo2Se2S6': 0.5}"
W1Mo3Se4S4,390,390,competing,True,[],,"{'Mo4Se6S2': 0.3333, 'W1Mo3Se3S5': 0.3333, 'W2Mo2Se3S5': 0.3333}"
W1Mo3Se4S4,400,1200,competing,False,['W1Mo3Se5S3'],,"{'W1Mo3Se3S5': 0.5, 'W1Mo3Se5S3': 0.5}"
