T,Mo4Se2S6,Mo4Se4S4,Mo4Se6S2,Mo4Se8,W1Mo3S8,W1Mo3Se1S7,W1Mo3Se2S6,W1Mo3Se3S5,W1Mo3Se4S4,W1Mo3Se8,W2Mo2S8,W2Mo2Se1S7,W2Mo2Se2S6,W2Mo2Se3S5,W2Mo2Se7S1,W2Mo2Se8,W3Mo1S8,W3Mo1Se1S7,W3Mo1Se6S2,W3Mo1Se7S1,W3Mo1Se8,W4Se2S6,W4Se4S4,W4Se5S3,W4Se6S2
0.0,48.68482631011673,44.539735643228966,40.43759424797046,36.39366791525806,52.35461237798469,50.262854496804316,48.17244440243849,46.0536884642022,43.980147599536416,35.74223906104473,51.82307635113645,49.69599686846627,47.60669868742633,45.48019373073438,37.12471439297813,35.07760500532958,51.26610113965881,49.11992575046285,38.583195141565035,36.484307247895025,34.405389314103125,46.38907353160605,42.1343892705652,40.001595707288594,37.89835352510496
10.0,48.67764007146777,44.531405189282395,40.42891918207964,36.38441063655616,52.34719682988409,50.25520359342852,48.164929184617684,46.045003638624756,43.97153515110414,35.73171880979628,51.81457955067243,49.68802242715986,47.59773048546062,45.4701801195022,37.11504755291292,35.06746710923833,51.257430046737774,49.1109207553422,38.572934515255035,36.47345033064189,34.393881002543345,46.37983810423797,42.12453872383197,39.99347409336237,37.88800773905134
20.0,48.65079721934012,44.50108547038088,40.39597764859677,36.34891707456986,52.32095596904753,50.22769690987143,48.13658031783543,46.01425734368498,43.94007899010678,35.693683410837714,51.786036785690975,49.65907416015377,47.566408973591365,45.43694812738061,37.077988899938696,35.02870267032453,51.22774358467217,49.079889788480564,38.535272748193925,36.4339428600097,34.35248835774896,46.346403922501956,42.08825410901424,39.958464456369455,37.84943374358042
30.0,48.594717800790384,44.43688158773096,40.32444139110497,36.26999126601887,52.26746476757382,50.17076606662334,48.076584673875125,45.94954371173807,43.872452739464144,35.60961165635933,51.72801208021884,49.59851642733803,47.50109680510969,45.367528080880795,36.995096426534694,34.94146005411449,51.16663326358091,49.01528869522121,38.45211779967749,36.34634734044022,34.260252323103636,46.275323347370524,42.00957980672432,39.87885210136613,37.76354850113375
40.0,48.497021351022404,44.323068354192344,40.19513728927442,36.12487923563389,52.176219557044895,50.072157474814446,47.97088692207024,45.83528455552574,43.7514597449447,35.455769197613286,51.628542649500595,49.492732047518096,47.38657500104711,45.24499746068628,36.843082397578065,34.780862596678794,51.060621215318605,48.902091358367926,38.300418153547206,36.186100022558904,34.09106124565768,46.14863009126998,41.86744845373482,39.73191172756064,37.60604149597604
50.0,48.34420098193758,44.14286213165318,39.98812241669531,35.890510034251996,52.0361589850016,49.91923916338758,47.8052684081486,45.65577420728102,43.559819401738004,35.20910339564525,51.47566372229593,49.328262412815086,47.20787850702562,45.05297234399297,36.600068791267816,34.523787182033885,50.896672557870666,48.72588082063499,38.05919868856976,35.93101022911657,33.82165096900024,45.94951140976635,41.64248802212004,39.497168807912395,37.35536480827391
60.0,48.12400517751991,43.881504201057474,39.68637873003858,35.54761924960727,51.8375392566814,49.701152487711404,47.567812641089596,45.3978654190396,43.28308340064464,34.850628637025395,51.259601188355454,49.09419688451489,46.952909111841514,44.77833631653683,36.24838997020017,34.151525181838956,50.66486497194103,48.475611535073476,37.712108906708586,35.563617362497844,33.4335906271997,45.66556118649772,41.320078846766386,39.1590957673434,36.995074056987434
70.0,47.82617106586779,43.527249168192064,39.276849409586895,35.08185513293976,51.572090290004674,49.40895412006585,47.24897179718372,45.05119029430733,42.91005064431175,34.36619380796783,50.97256120376011,48.78198900003121,46.61235728360336,44.41110141865144,35.77487372579629,33.65014615486893,50.3578345580363,48.143105229753296,37.24711830998411,35.07102930849363,32.9131903164407,45.28806825336958,40.889808292085185,38.70650385925472,36.51322070823105
80.0,47.442332609044406,43.07124171525442,38.75023831062965,34.48352381071596,51.232618504965224,49.03519241014663,46.84107700832226,44.60772559334459,42.43237582334053,33.746265853846374,50.607974203866405,48.38472622378558,46.179004395321556,43.9437222033981,35.17051920864314,33.01029470734205,49.96962825278069,47.72198710191927,36.6559341012938,34.44451572511175,32.251287850189414,44.810732775839206,40.34448053247865,38.13171678781149,35.9017003354913
90.0,46.96583888289465,42.50712517696015,38.10045262489736,33.74685454432557,50.81284375913142,48.573677471031296,46.33804116658368,44.06143395672106,41.844123320874694,32.985258779145646,50.160153055167335,47.896746641992195,45.64727248378923,43.370626839762394,34.42989709642507,32.22657934652451,49.49515910021117,47.20713046591055,35.93340938465226,33.678918833884374,31.442694789015537,44.228923566672854,39.6793882897048,37.42990713562025,35.15563508193224
100.0,46.39161666411192,41.8306415661284,37.323988624885665,32.869156942274024,50.30744995982642,48.01943298532843,45.73522427510559,43.408012399054655,41.1413782070373,32.08070295130077,49.62428502298383,47.31353661550159,45.013006081719716,42.687927172228996,33.55043290472246,31.296756467284535,48.9301286061289,46.59449317044824,35.076935905396724,32.77194113548092,30.485397700928008,43.539348502191565,38.891794446689644,36.598524774293544,34.27273107571745
110.0,45.716032239984834,41.03926364213243,36.419361197215785,31.850038026028397,49.712165041737364,47.36867746312447,45.02932531421148,42.64466826806334,40.32189782675455,31.032447483828893,48.99650760336632,46.63170305538094,44.273331177319335,41.893187943058514,32.53171249461988,30.22092064357675,48.271094105847745,45.88107778256861,34.08586667403488,31.72344176221191,29.37973886591054,42.739883511832716,37.98052568181347,35.63679290186982,33.25266685177011
120.0,44.93672748020916,40.13185988590418,35.38660998521663,30.69074643089645,49.02377806795911,46.618762056369725,44.21824655585578,41.76989174886053,39.384790680154644,29.84198578152399,48.27393857947479,45.84891797407506,43.42651192826839,40.98520214675699,31.374884745335965,29.000812986224247,47.5155115168038,45.06488365287904,32.96101027628652,30.534829131865518,28.12770830998005,41.82943153772265,36.94563312547001,34.545274557262495,32.09656391036493
130.0,44.05243362552145,39.1083968726761,34.22689241862879,29.393657388226273,48.24008179467031,45.76805750197741,43.30092730347522,40.78322862735731,38.33022846862736,28.511927049106827,47.45463456450287,44.963817088307906,42.471789842813905,39.963770962097456,30.082184193267114,27.639278832543166,46.661709255145205,44.144815450884046,31.704217338750528,29.20857676360751,26.732388971319494,40.80777294372747,35.788104319757146,33.32551505297949,30.806559104662977
140.0,43.06278101699409,37.969683447274754,32.94216129846968,27.961885015376733,47.35976375993993,44.81581178586266,42.27716795852265,39.68506549078737,37.159195797727676,27.045600117042373,46.53749677319871,43.9758668973327,41.40921475581599,38.82949603489536,28.656566727932134,26.139863971696215,45.708808776336376,43.120562248513636,30.318055004489292,27.747855605538433,25.197545325167486,39.67541169242732,34.50962311291176,31.979755143978593,29.385474279637325
150.0,41.9681194487058,36.71715652922807,31.53491493178173,26.398998766591422,46.382275002986596,43.761998738246255,41.14745944187304,38.47643945700198,35.873281423524396,25.446766524026373,45.522150191762364,42.885222778815525,40.239484009840524,37.58359533949601,27.10144107103621,24.506524790636334,44.6566149730134,41.99246373468427,28.80556034979543,26.15626387274837,23.52732998863669,38.433427395176345,33.11237377462559,30.510708282252907,27.836568911519564
160.0,40.769358989843695,35.352708374948726,30.008007897354293,24.708820034219556,45.30769472409926,42.60717431579113,39.91283006174901,37.15887528270885,34.47450801948177,23.719417377312908,44.40881713376384,41.692591835008926,38.96379640533518,36.22774667831269,25.42047384184482,22.743424184376277,43.50549845416193,40.761381007412034,27.170056763892717,24.4376341855446,21.726079285507808,37.08334178577048,31.598885445641354,28.921391333770526,26.16335830124778
170.0,39.46783404004152,33.87854873295644,28.364510437140783,22.895280503706285,44.13660444513771,41.3523481710357,38.574714492086876,35.73425235535333,32.96519813191379,21.8676323122871,43.198197791943024,40.39911085348437,37.583728347614844,34.76395821483307,23.617451798774926,20.854791551988217,42.256282574585114,39.42857963031074,25.41502068171047,22.595897624789924,19.798174537762765,35.62700445438168,29.97191078943655,27.214997875285974,24.36948384836619
180.0,38.065191481643375,32.29709835101396,26.607605504520013,20.962323433930464,42.869977198223246,39.998874222987006,37.13484503408109,34.20469725019638,31.347869673605107,19.89548284565669,41.891364522665775,39.006240591588515,36.10113029054057,33.19446647193842,21.696185797168923,18.84482908633821,40.91014298786318,37.99562927192044,23.543985887133143,20.634989676161457,17.747949737221735,34.06649775538986,28.23433383659825,25.394805347763782,22.4586205499244
190.0,36.56330042419451,30.610906580188573,24.74051388245265,18.913837584989817,41.50908407457982,38.548359969766956,35.59516412448005,32.572500038842485,29.625156205308617,17.806968980673325,40.48967184952148,37.515679062059185,34.51804364962972,31.521654626916412,19.6604451489243,16.71764976120999,39.4685210183384,36.46432010060416,21.560476231620743,18.558787526323194,15.579632555578717,32.40406054363684,26.38910028511407,23.464107774998876,20.43441300111625
200.0,34.96418060461629,28.82258988018933,22.766441584816018,16.753614120115625,40.05541614704088,37.0025929886713,33.957754635877144,30.84004899434486,27.79974682298528,15.605978009163268,38.994681667848454,35.9292910559962,32.8366346434722,29.74799058495373,17.513913574350376,14.477238378927344,37.9330524067657,34.83659533043048,19.46795951321176,16.371068001267634,13.297307033033166,30.642027975297236,24.439165851764983,21.426168347085902,18.30043238356351
210.0,33.269946506522544,26.934785266525466,20.68854271777354,14.4853189676221,38.510622284435414,35.36348255078767,32.22478537792952,29.00978118818995,25.874341850554128,13.296259032699451,37.408102872866955,34.249051743964245,31.059142990598914,27.875979821712246,15.26016147774874,12.127428768962268,36.305509184037334,33.114497413343685,17.269816038240542,14.075482173856757,10.904892763383067,28.78278478229903,22.387459651708216,19.284186168389525,16.060148049945017
220.0,31.482764348503167,24.95011671300105,18.509894087315693,12.112477015396143,36.87645853940768,33.63301375910521,30.39847007212667,27.084145092560103,23.851619933338217,10.881408798100509,35.73174333856624,32.4770028005874,29.18784226615284,25.90812962660085,12.902628932738317,9.671891005336576,34.58775320471027,31.300125891136435,14.96931901559511,11.675539990156325,8.406134788862659,26.828729256488817,20.236857251377817,17.04127406073499,13.71690955926376
230.0,29.604819004832276,22.8711702774694,16.23347948011866,9.638464078588866,35.15474885056384,31.813211964524314,28.48103461797416,25.065573115020698,21.734214977566083,8.364865824345008,33.96747139717137,30.615218461568208,27.225010104615606,23.846923105734145,10.44461644078215,7.114127260914274,32.78169926748224,29.395604488895742,12.569622465069976,9.174602496234124,5.804599886279384,24.78224690711477,17.99016244464501,14.700444398907152,11.273936830791309
240.0,27.638289303960395,20.70047708715813,13.862178867430819,7.066504308548358,33.347354295140654,29.906115041437122,26.474693946126198,22.956461388195645,19.524699826648067,5.749908502455468,32.117186300976584,28.665779008432782,25.172905398415793,21.694800267141442,7.889281130955459,4.457471461925942,30.889287218034426,27.40305684533971,10.073754998804757,6.575879765306183,3.1036785534987748,22.645690336870995,15.650095247539936,12.264600560128534,8.734315566515692
250.0,25.58532971830589,18.440501074284185,11.39876348204495,4.399670970139842,31.456148646604444,27.913753177402914,24.3816339672838,20.759155173421806,17.225575033218234,3.039657600196692,30.182795593691342,26.63075124915754,23.0337524924186,19.454144979061656,5.239637191790167,1.70509274272505,28.912459406746326,25.324587425288783,7.484617230216926,3.882432193270383,0.306589327889875,20.421365250134333,13.219284556894442,9.736532778351759,6.100996041976667
260.0,23.448056717967486,16.09363180743441,8.845893399968817,1.64089024197765,29.483000928131514,25.838132981269,22.20399896233415,18.47593927380025,14.839262122359527,0.23708075325901667,28.166197145707358,24.512173921823692,20.8097285740653,17.12727529662555,2.498558116866525,-1.1399990266018918,26.853144364972113,23.16226770064043,4.8049828967976005,1.0971735216182583,-2.5836146496377332,18.11152026143326,10.70026357278995,7.118916589619175,3.376795092750617
270.0,21.2285393565132,13.66217930943109,6.206117626794058,-1.2070542923915417,27.42976090263166,23.681225996105898,19.94388242724634,16.109031556528056,12.368099445896158,-2.6550018343937496,26.069266198762367,22.312046725765878,18.502956159278185,14.716438452459043,-0.33121906311038335,-4.074946244353766,24.713244195180025,20.918126217944685,2.0375008465964584,-1.777123634954875,-5.564037861432175,15.71834007230406,8.095468503023817,4.414313954858675,0.5643993101001583
280.0,18.92879262057446,11.148371725371417,3.48187617055,-4.141514821344958,25.29824896758581,21.444960926005606,17.603320768141057,13.660578548084041,9.814340109539826,-5.633910653749474,23.89384569262238,20.032323066583867,16.115496787530258,12.223806624606716,-3.2470885118072332,-7.09703684044,22.494625502216948,18.59414160252254,-0.815301334284125,-4.737822088201967,-8.631934639897533,13.243941498321073,5.407238563109342,1.6251755918442168,-2.333630295104808
290.0,16.550772938662824,8.554354804414016,0.6755026327709,-7.15997395031141,23.090248900057773,19.131217331151273,15.184289760165335,11.132653447743834,7.1801520592586,-8.697099549390492,21.6417389237245,17.674904269425717,13.64934851714691,9.651475986473825,-6.246569455069967,-10.203695725858633,20.19911239742689,16.192237721807132,-3.7510122259234837,-7.782413598656109,-11.7847003578652,10.690370964398356,2.6378175309161165,-1.2461559155234752,-5.314853369359326
300.0,14.096375935578399,5.882192590730242,-2.2107720776409914,-10.260036842200625,20.80750224271519,16.7418224321676,12.688701870056391,8.527255868473166,4.4676186858593,-11.842148982718749,19.31470514036256,15.241636901551592,11.10644333423864,7.0014660158750175,-9.32730056694475,-13.392477710445844,17.828482525681167,13.714280662431909,-6.767332083399425,-10.908512225224591,-15.019863569023217,8.059603295624951,-0.21064392136945,-4.197441971509309,-8.3769442570687
310.0,11.567434791400558,3.1338683735621498,-5.174815425970016,-13.439425517055318,18.451704762704278,14.278548173577951,10.118405651559291,5.8463116641900585,1.6787408978412834,-15.0667586042297,16.91445548334846,12.734310008528709,8.488646979963276,4.275720531461242,-12.487033232903125,-16.661059643305276,15.38446335151535,11.16207717559029,-9.8620673091781,-14.113847761151874,-18.335077975607803,5.353542494585057,-3.136085549807975,-7.226543736467317,-11.517686645676191
320.0,8.965720241487949,0.311286932814125,-8.214589451455142,-16.69597159706287,16.0245041196893,11.743110619222,7.475185313582383,3.09167439803625,-1.1845609784875668,-18.368740257630716,14.442651604109626,10.154654941493517,5.7977591232637495,1.476108988253375,-15.723625935862968,-20.00723333055758,12.868731122702377,8.537374245191142,-13.033125530086226,-17.396258997244733,-21.728114396094867,2.574022086833692,-6.136533824844041,-10.331417635657425,-14.734967692577241
330.0,6.292940921954134,-2.5837227835109666,-11.328145930631093,-20.02761034710066,13.527498656687884,9.137169261304468,4.760761583886391,0.2651269833864666,-4.120444003361233,-21.746011502172976,11.900903937310842,7.504344752569342,3.0355140518194,-1.3955714495039835,-19.03503777852036,-23.42889819398317,10.282909488349999,5.841858915120934,-16.27850972422532,-20.75368784878649,-25.196853682949552,-0.27719315172517495,-9.210098735656592,-13.510110954431125,-18.02677249750934
340.0,3.550744319725567,-5.549405327351249,-14.513622231620749,-23.432374456174674,10.962236795488623,6.462327624977466,1.9767930909869502,-2.631616329666692,-7.127140377963951,-25.19658922135223,9.290772132698791,4.784995058555467,0.20358257216193335,-4.337593921857617,-22.419322783001643,-26.924054793354134,7.628569585269717,3.0771593256706584,-19.596313643419553,-24.1841728778689,-28.73927998585135,-3.1984054674604336,-12.354969817189142,-16.760756742465883,-21.391178574941904
350.0,0.7407184999197751,-8.584075554936232,-17.769236650214108,-26.908388164333733,8.330217123020017,3.720133786553966,-0.8751225130495918,-5.596907449614409,-10.202953644198233,-28.71858349071634,6.6137646232575165,1.9981650773540334,-2.696426694790942,-7.348298936602808,-25.874624795097827,-30.490798780610636,4.907230383452384,0.2448458363316333,-22.984716458343442,-27.685843765781996,-32.35347375581256,-6.1879816243155,-15.56941278176236,-20.081570013533177,-24.826350585572836
360.0,-2.135606684989934,-11.686115862981742,-21.093284523267393,-30.453862080534986,5.632888909563891,0.9120817554103167,-3.7934463933834586,-8.629162370677848,-13.346256093617633,-32.310191963886204,3.871339575266409,-0.8546414219719667,-5.6629650681439,-10.426092210060633,-29.399171783916632,-34.127314854037316,2.1203594633884,-2.6535675059330583,-26.441978440076436,-31.256916044510717,-36.03760639030594,-9.24435117643015,-18.851765805211,-23.47084299520853,-28.33053584514533
370.0,-5.076757435951758,-14.853973252147034,-24.484134255733277,-34.067087655033774,2.871652972444508,-1.9603870577423084,-6.7766967186543745,-11.726858236265285,-16.555485571777123,-35.96969477679016,1.0649060110960165,-3.7719741327137997,-8.694541906908016,-13.569441557797257,-32.99127117796146,-37.83187105791537,-0.7306256020297583,-5.616621412048217,-29.9664358643373,-34.89568582823145,-39.789933928334435,-12.366003617966541,-22.200435640283043,-26.926941415008454,-31.90205896957555
380.0,-8.081313934481608,-18.08615613138519,-27.940223002215465,-37.74643268820042,0.04786288519326667,-4.895882372586467,-9.82344641538995,-14.888530920642644,-19.8291422825835,-39.69544919279175,-1.8041754134717751,-6.752434914983367,-11.789722191671332,-16.77687456266342,-36.64930528757922,-41.60281437770822,-3.6443563838184585,-8.642909364341634,-33.556497211252186,-38.60052506302212,-43.60879195466555,-15.551486051148691,-25.6138947664657,-30.44830009557613,-35.53931772924499
390.0,-11.147908701653842,-21.381231813244785,-31.460053212212376,-41.49033666659917,-2.837173899655484,-7.893063398189192,-12.9323213542586,-18.112772524235186,-23.165786024490302,-43.485885284244155,-4.734590422758859,-9.794675636490492,-14.947124624482877,-20.046975638251528,-40.3717266410393,-45.43856503971352,-6.619511783155833,-11.7310756300592,-37.210638933278084,-42.369876949310004,-47.49259102227921,-18.799400854301947,-29.09067767612237,-34.03341941355618,-39.24077907603074
400.0,-14.275224093402924,-24.73782340458916,-35.042189175360775,-45.297306617280555,-5.782194495924092,-10.950637019254918,-16.101998018109025,-21.398228782560242,-26.56403308121712,-47.33950152767602,-7.725070257501817,-12.89739635879585,-18.165419037785398,-23.37838378330407,-44.15705418430161,-49.33761271083125,-9.654816476741434,-14.87981370672456,-40.92740156860199,-46.202251968902004,-51.43981172934003,-22.10840317715466,-32.62937767884304,-37.68086201757612,-43.00497499759786
410.0,-17.461990659514175,-28.15460738826702,-38.685253653048385,-49.16591313481166,-8.785979201889075,-14.067355723271675,-19.3312013427475,-24.743596734266703,-30.022553717051252,-51.25486074445268,-10.774389688367036,-16.059343869039527,-21.4433243215616,-26.769789731539618,-48.00386948078458,-53.29851218011828,-12.749039707631509,-18.087863990178572,-44.70538637275342,-50.09622399838372,-55.44900065985859,-25.47719852250872,-36.228644137639186,-41.38924885527657,-46.8304986307985
420.0,-20.706984725294323,-31.63031077293843,-42.38792468276425,-53.09478658104414,-11.847349945640767,-17.242016391346382,-22.61870273045298,-28.14762221643665,-33.54006941304264,-55.2305862141753,-13.881365806785974,-19.279309261611576,-24.779606609587024,-30.21993353332341,-51.91081273839543,-57.31987964492527,-15.900993126016301,-21.354012133570084,-48.543251691110356,-54.05042624978076,-59.5187663243527,-28.904540846123606,-39.88717935966309,-45.157256754981894,-50.71600132512904
430.0,-24.009026664193357,-35.16370884748324,-46.14893272792478,-57.082613889464604,-14.96516898954969,-20.473457879875408,-25.96331797712332,-31.609097705362682,-37.115350103198814,-59.26535830629345,-17.04485612483921,-22.55612664261841,-28.173076688362837,-33.727602396444624,-55.87658013209394,-61.40038873792697,-19.1095293209486,-24.677086801764265,-52.43971002235626,-58.063548334015906,-63.64777553235334,-32.38922953380457,-43.603736091509525,-48.98361479820594,-54.66018892886702
440.0,-27.366978997688523,-38.753622762671604,-49.96705791406868,-61.128135283176114,-18.138336857412764,-23.760559638642032,-29.363905285790334,-35.126860070956276,-40.74721236073777,-63.35791119808658,-20.26375702061605,-25.88867079792226,-31.622588269737623,-37.291628526893696,-59.89992009002945,-65.53876759057927,-22.373540524810124,-28.055958203071214,-56.393524995568335,-62.13433297889054,-67.83475019675502,-35.93010836497576,-47.37711466904173,-52.86710190132271,-58.66181911163497
450.0,-30.779744408799456,-42.39891711283456,-53.84112717868297,-65.23014107924853,-21.36579138439531,-27.1022400698072,-32.8193636256106,-38.69978841752508,-44.43451646154515,-67.50703002449013,-23.537002615418757,-29.275855811238653,-35.12703609079146,-40.91088662416393,-63.97963078884251,-69.73379563746956,-25.691956626826624,-31.48953610276104,-60.40350843367465,-66.26157274706615,-72.07846387905937,-39.5260624033995,-51.20616094453766,-56.806544051761215,-62.719698341488616
460.0,-34.246264014709965,-46.09849820848589,-57.77001202561135,-69.38746927038913,-24.646505989652866,-30.497454541424617,-36.32863039990489,-42.32680227002584,-48.176164570427126,-71.71154759607683,-26.863562614539827,-32.71663342312714,-38.685353754613146,-44.58429224024232,-68.114557217122,-73.9843007661429,-29.06374370479644,-34.97676818205461,-64.46851819423138,-70.44410761773496,-76.3777391119391,-43.1760168743805,-55.08976360925377,-60.80081197604502,-66.83267912111184
470.0,-37.76551555302104,-49.851311744361574,-61.752626193093725,-73.59900267476867,-27.979488121690878,-33.94519417827605,-39.890680236993475,-46.006859501210606,-51.97109884099445,-75.97034215346527,-30.24244144357289,-36.20999104450643,-42.29651243476661,-48.31079936128001,-72.3035885843378,-78.28915629419002,-32.48790264318797,-38.51663813800756,-68.58745514651112,-74.68082248192142,-80.73144437632611,-46.87893483280528,-59.02685229330911,-64.84881854872489,-70.99965800133182
480.0,-41.336511913479335,-53.65634081293489,-65.78792366728126,-77.8636664313229,-31.363778135568847,-37.444484134493116,-43.50452291734231,-49.73895469061747,-55.818299083701866,-80.28233460351471,-33.67267634829677,-39.75495046112074,-45.959518629699296,-52.089399284796606,-76.54565624798714,-82.64727898276267,-35.96346766486824,-42.10816447434559,-72.75926135775565,-78.97064420593951,-85.13849202855779,-50.633815608501926,-63.01639557920034,-68.94951680589405,-75.21957264457602
490.0,-44.95829949696793,-57.512604522513904,-69.87489600480028,-82.1804260996367,-34.79844773826,-40.994381866179204,-47.16920216439832,-53.52211722445458,-59.716781124838924,-84.64648670557811,-37.15333635824853,-43.35056636526836,-49.67341295357745,-55.91911811498173,-80.8397311225272,-87.05762644550613,-39.48950469009362,-45.75039868771739,-76.98291776121556,-83.31254007675231,-89.59783536383405,-54.4396930788618,-67.05739866984129,-73.10189795870315,-79.49140018386304
500.0,-48.629956660866014,-61.41915592438763,-74.01257138269419,-86.54828524161468,-38.282598693117684,-44.59397635408919,-50.883793658104544,-57.35540974095982,-63.66559525188959,-89.06179822132803,-40.68352064571425,-46.9959248011613,-53.43726849527683,-59.79901572626815,-85.18482203836597,-91.51919490296778,-43.06511047282075,-49.442423885792095,-81.25744242877202,-87.70551503816688,-94.10846671610135,-58.29563394146146,-71.14890209302929,-77.30498923413764,-83.81415489084209
510.0,-52.35059233714631,-65.37508054455465,-78.20001183461851,-90.96628343499613,-41.81536178344843,-48.24238620351355,-54.647404084842066,-61.23792666212926,-67.66382431341627,-93.5273055328542,-44.26235748930213,-50.690141783022774,-57.25018917737347,-63.72818377684697,-89.57997340990163,-96.03101710974317,-46.68941061422168,-53.183353491725654,-85.58188815260733,-92.14861013619402,-98.66941547156783,-62.20073659126681,-75.28997962859135,-81.55785232037736,-88.18688627567695
520.0,-56.11934473684146,-69.37949474271382,-82.43631221441386,-95.43349480508373,-45.39589534424051,-51.93875860785139,-58.459169237314114,-65.16879263907701,-71.71058216441948,-98.04207948344082,-47.889003151146674,-54.43236208592247,-61.11130871971679,-67.70574449950276,-94.02426350814447,-100.59216097257358,-50.361559130839275,-56.97232986225831,-89.95534123604023,-96.64090079166999,-103.27974599584952,-66.15412913414822,-79.4797369264817,-85.85958163941848,-92.60867753240568
530.0,-59.935380054510425,-73.43154450309952,-86.72059838235907,-99.94902560641405,-49.02338405299929,-55.682267880339054,-62.318253323594746,-69.14716142923916,-75.80501262991089,-102.60522373655711,-51.5626404086372,-58.221757863874,-65.01978882568251,-71.73084914697334,-98.51680281970754,-105.20172687290979,-54.080736640840165,-60.808522733074284,-94.376919507041,-101.18149455466504,-107.93855573385436,-70.15496852319147,-83.71730986577246,-90.20930244695735,-97.07864363882457
540.0,-63.79789091359808,-77.53040379347244,-91.05202582326841,-104.51201318633065,-52.69703832516476,-59.472114676729895,-66.2238472397507,-73.17221399625802,-79.94628743205958,-107.21587278937277,-55.28247760435995,-62.05752778614586,-68.97481840485248,-75.80267678278501,-103.0567326649042,-109.8588468032231,-57.84614941395679,-64.69112852785041,-98.84577093632895,-105.76952980894957,-112.6449737415107,-74.20243891768841,-88.00186300001332,-94.6061697959638,-101.59592980184784
550.0,-67.70609593459078,-81.6752736150616,-95.42977791911359,-109.12162443034374,-56.41609258673348,-63.30752461339183,-70.17516744704557,-77.24315799176853,-84.1336056719786,-111.87319093633067,-59.047747523302185,-65.93889539625214,-72.97561219111212,-79.9204328129811,-107.6432232976321,-114.56268255325807,-61.657028421429345,-68.61936897635373,-103.36107216910091,-110.40417447646071,-117.39815913112699,-78.295750819448,-92.33258860717355,-99.04936689567167,-106.15971033471186
560.0,-71.6592376621624,-85.86538036155507,-99.85306508533466,-113.77705386201421,-60.17980484241392,-67.18774723088032,-74.17145528098855,-81.35922611438906,-88.36619184324002,-116.57637054176905,-62.85770635642536,-69.86510842100122,-77.02140944711685,-84.08334803606398,-112.27547252347064,-119.31242406902349,-65.5126282995789,-72.59248990527665,-107.92202705675989,-115.0846241171863,-122.19729943038259,-82.43413951815585,-96.70870504863272,-103.53810355693865,-110.76918667049016
570.0,-75.65658247880555,-90.09997512814869,-104.32112321619955,-118.47752286563345,-63.987455380092975,-71.11205487114267,-78.21197522395629,-85.51967507329448,-92.6432954000304,-121.32463083075653,-66.71163300971376,-73.83543773406898,-81.11147327334074,-88.2906776065682,-116.95270500872971,-124.1072881572586,-69.41222605427382,-76.60976037454795,-112.52786553411919,-119.81010106547564,-127.04160911405614,-86.61686431405406,-101.12945573275384,-108.07161541492597,-115.4235865847733
580.0,-79.69741896382233,-94.3783321569057,-108.83321256200843,-123.22227813158298,-67.83834590714676,-75.07974215930452,-82.2960144733483,-89.7237846381582,-96.96418902977268,-126.11721633445198,-70.60882772227212,-77.8491762332029,-85.24508913980516,-92.54169965315789,-121.67417003485804,-128.94651753537505,-73.35512062908512,-80.67047172727476,-117.17784223749983,-124.57985261629263,-131.93032856759888,-90.84320722240767,-105.59410799208753,-112.64916246082704,-120.1221626410286
590.0,-83.78105702963514,-98.69974831854341,-113.38861660629773,-128.01059036080082,-71.73179885948937,-79.09012453539843,-86.42288173242228,-93.97085660272529,-101.32816796217486,-130.95339602641522,-74.5486116344809,-81.90563789016407,-89.42156428149637,-96.83571424219996,-126.4391412393366,-133.82937919044792,-77.34063152338409,-84.77393646694672,-121.87123546830388,-129.39315059337113,-136.86272287796982,-95.11247228255337,-110.10195196057617,-117.27002800544051,-124.86419141327984
600.0,-87.90682731720437,-103.06354173053047,-117.98664128852009,-132.84175348746132,-75.66715636514608,-83.14253782251929,-90.59190626023612,-98.26021392112328,-105.73454910554092,-135.83246194070463,-78.53032549246282,-86.0041572325138,-93.64022674830755,-101.17204303228829,-131.2469150610381,-138.75516325641956,-81.3680984468665,-88.91948756648482,-126.60734624295613,-134.24928944909888,-141.83808036536425,-99.42398443510358,-114.652299623496,-121.93351755637447,-129.64897201783592
610.0,-92.07408024597048,-107.46905106613583,-122.62661353577289,-137.71508338344162,-79.64377955330191,-87.2363370176597,-94.80243726706554,-102.59119958506649,-110.18266966486836,-140.753728394557,-82.5533292162382,-90.14408796171101,-97.90042419587405,-105.55002771960362,-136.09680970380012,-143.7231824958864,-85.43687993765018,-93.10647751818327,-131.3854969110018,-139.1475858326733,-146.85571171952483,-103.77708848551968,-119.24448369466124,-126.6389578679885,-134.47582524960168
620.0,-96.28218480468917,-111.91563443163274,-127.30788074458472,-142.6299170810013,-83.66104760424378,-91.37089577349639,-99.05384270523932,-106.9631758465358,-114.67188662363456,-145.71653077922267,-86.61700120877374,-94.32480260763668,-102.20152362646667,-109.96902926059317,-140.9881642727361,-148.73277048635165,-89.54635318953707,-97.3342775563894,-136.20503055052416,-144.08737720819843,-151.91494913605226,-108.17114875863638,-123.87785709821065,-131.38569625044224,-139.3440925456511
630.0,-100.53052837869365,-116.40266902082321,-132.02980983085757,-147.58561130451113,-87.7183574902537,-95.5456057074391,-103.34550883729487,-111.37552387230299,-119.20157605284578,-150.72022452353875,-90.720737060449,-98.54569166490471,-106.5429100934581,-114.42842752649516,-145.92033782417735,-153.78328136111892,-93.69591284284876,-101.60227679381455,-141.06531001808634,-149.06802133647196,-157.01514493450296,-112.60554780312798,-128.551791586705,-136.17309918779316,-144.25313529427595
640.0,-104.81851562709873,-120.9295497331354,-136.79178619343966,-152.58154255682186,-91.81512276644408,-99.75987553794134,-107.67683937228907,-115.82764210292153,-123.77113164276551,-155.76418448934675,-94.86394946268724,-102.80616255643497,-110.92398626947835,-118.92762009417386,-150.89270867472166,-158.87408851375815,-97.88497046621268,-105.90988196242738,-145.96571682593586,-154.08889489308245,-162.1556712992823,-117.07968587329499,-133.2656775683893,-141.00055207888946,-149.20233379855895
650.0,-109.14556787821864,-125.49568891451709,-141.59321302317446,-157.61710521914821,-95.9507732252821,-104.01313030718036,-112.04725477484696,-120.31894642546433,-128.37996496202123,-160.84780402143448,-99.0460673442666,-107.10563954708458,-115.3441714963566,-123.46602155516865,-155.90467310569971,-164.00458390715474,-102.112954038349,-110.25651594518244,-150.90565079652865,-159.1493929501959,-167.3359185522663,-121.59298023811293,-138.01892255255234,-145.8674578554679,-154.19108649905354
660.0,-113.51112261135337,-130.10051532100854,-146.43351078468703,-162.69171163743795,-100.12475420563847,-108.30481094921252,-116.45619148784174,-124.84886887799024,-133.0275036438575,-165.97049408384717,-103.26653518036868,-111.44356253448292,-119.80290143964585,-128.04306308384926,-160.95564510406857,-169.17417738255804,-106.37930717075024,-114.64161794875788,-155.88452885336457,-164.2489282856046,-172.55529532553965,-126.1448642311742,-142.81095132226466,-150.77323689578466,-159.21880919646375
670.0,-117.91463259309971,-134.74347385963586,-151.31211617995723,-167.8047907404691,-104.336525988205,-112.63437359902203,-120.90310158691885,-129.41685721769935,-137.7131917316113,-171.13168265530487,-107.52481238799619,-115.81938696266303,-124.29962705219585,-132.65819157372667,-166.04505532598444,-174.38229562315448,-110.68348841673003,-119.06464212165305,-160.90178467551172,-169.3869303463001,-177.81322692038623,-130.73478716431924,-147.64120455247587,-155.71732572908175,-164.28493418795514
680.0,-122.35556535913781,-139.42402446561525,-156.2284817164751,-172.95578778074346,-108.5855632772812,-117.00128898793865,-125.3874519168072,-134.02237440271963,-142.43648838317867,-176.3308136927758,-111.82037289412851,-120.23258252652768,-128.83381448778417,-137.31086894650204,-171.17235049222052,-179.62838163585425,-115.0249707532097,-123.52505764055736,-165.9568675748105,-174.56284490299754,-183.10915539365828,-135.3622131184719,-152.50913846453912,-160.69917660374253,-169.3889100944169
690.0,-126.83340286875547,-144.14164184324628,-161.18207492992082,-178.1441635571664,-112.87135459619192,-121.40504201179304,-129.9087234003677,-138.66489781478677,-147.19686743917006,-181.5673470451072,-116.15270444477028,-124.68263334458744,-133.40494397832046,-142.00057180659078,-176.3369928699536,-184.91189406033993,-119.40324140798054,-128.02234758755444,-171.0492424095049,-179.77613284097117,-188.44253808950472,-140.02662051179473,-157.41422413525976,-165.71825696907817,-174.53020047855932
700.0,-131.34764055479022,-148.89581460222263,-166.1723778659511,-183.36939346498855,-117.19340159633607,-125.84513086722781,-134.46641112496226,-143.34391865466176,-151.99381681832793,-186.84075724386074,-120.52130825947587,-129.16903692253362,-138.01250957473968,-146.72679075017163,-181.53845932270588,-190.23230656448413,-123.81780065053887,-132.55600895012205,-176.17838854781553,-185.026270332792,-193.81284763937126,-144.72750192695128,-162.35594689231306,-170.77404887074547,-179.70828384491395
710.0,-135.89778715089147,-153.68604525763237,-171.19888638924795,-188.6309674094374,-121.5512191435556,-130.32106705169744,-139.06002296055115,-148.0589418557621,-156.82683825842014,-192.1505332442059,-124.92569825402926,-133.6913041532383,-142.65601871515761,-151.48902967423507,-186.7762409648694,-195.58910706702935,-128.2681619648241,-137.12555149833662,-181.34379943609494,-190.312747542794,-199.21957118468023,-149.46436316104803,-167.33380596876847,-175.8660480006886,-184.9226526897754
720.0,-140.483364173307,-158.51184902079297,-176.26110992441212,-193.9283890283967,-125.94433410897058,-134.83237441341024,-143.68907973243094,-152.80948487499685,-161.69544645255073,-197.49617773396844,-129.36540086770597,-138.24895802122077,-147.3349914475507,-156.2868056038457,-192.04984264349275,-200.9817974784812,-132.7538509264227,-141.73049787124174,-186.54498190787658,-195.63506828159893,-204.6622094267725,-154.23672270742105,-172.34731355303174,-180.99376369713943,-190.17281306935692
730.0,-145.10390505719405,-163.37275388562043,-181.35857067864265,-199.26117491508657,-130.3722856280862,-139.37858889222179,-148.35311453028322,-157.59507777913578,-166.59916853094663,-202.8772065290482,-133.8399545450599,-142.841534034492,-152.04896008428025,-161.11964791482202,-197.35878216096066,-206.4098927510505,-137.27440546167514,-146.37038271315927,-191.78145601113684,-200.99274957427133,-210.14027654053874,-159.044111669267,-177.39599461610703,-186.1567179081902,-195.45828425431466
740.0,-149.75895532935695,-168.26829967857108,-186.4908030371547,-204.6288546180633,-134.83462389162779,-143.95925817415912,-153.05167218996107,-162.41526272659587,-171.53754397458854,-208.2931484006814,-138.3489090449719,-147.46857918812785,-156.79746902935483,-165.98709790189187,-202.70259010225638,-211.8729207922843,-141.8293747248799,-151.04475241458272,-197.05275414460604,-206.38532122847423,-215.65329956983695,-163.88607280958516,-182.47938656612132,-191.35444527816287,-200.778597693321
750.0,-154.44807165818924,-173.19803805864186,-191.65735373591738,-210.03096951842352,-139.33091066375457,-148.57394117320737,-157.78430886164452,-167.26959310375207,-176.510123837891,-213.74354412538239,-142.8918254406498,-152.12965187789993,-161.5800738283722,-170.88870860595466,-208.08080897127243,-217.37042168774576,-146.41831935740026,-155.7531648530703,-202.35842071229266,-211.81232497078,-221.20081782291,-168.76216072391526,-187.5970382982664,-196.58649202481308,-206.133297272171
760.0,-159.1708217673047,-178.16153182641878,-196.85778047975114,-215.46707291617352,-143.86071798652563,-153.22220751309632,-162.55059175073393,-172.1576336113064,-181.51647023048872,-219.22794622583706,-147.46827542867723,-156.82432112295567,-166.39634099578134,-175.82404412312997,-213.49299301807295,-222.90194726916948,-151.0408104512375,-160.49518852955597,-207.69801169163904,-217.2733144466704,-226.78238235417248,-173.67194063117276,-192.7485101947988,-201.85241602569906,-211.52193827735564
770.0,-163.926783830955,-183.15835457860126,-202.09165237417224,-220.93672951201518,-148.423628525376,-157.90363744093148,-167.35009868600537,-177.07895957333662,-186.55615631723674,-224.74591862542727,-152.07784115627564,-161.55216673855605,-171.24584801488277,-180.79267908654427,-218.9387078934179,-228.46706076898604,-155.69642963539957,-165.2704025683494,-213.07109437441432,-222.76785444321638,-232.39755561873463,-178.6149888054933,-197.9333735204576,-207.1517862999682,-216.94408722332403
780.0,-168.71554630129194,-188.18809027615805,-207.35854906170383,-226.43951463002625,-153.01923479179612,-162.61782113624278,-172.1824175150283,-182.03315667818939,-191.62876562725907,-230.29703613001732,-156.72011461672204,-166.31277829964867,-176.12818212866352,-185.79419892543763,-224.4175297850741,-234.06533638847736,-160.38476838495012,-170.0783961125537,-218.47724650302575,-228.2955206299712,-238.04591121329614,-183.59089145343717,-203.15120999061972,-212.4841823174058,-222.39932133426987
790.0,-173.5367074765229,-193.25033298521987,-212.6580602900314,-231.97501421766023,-157.6471387978564,-167.36435853824685,-177.04714610416548,-187.01982054663597,-196.73389179484198,-235.88088408247833,-161.39469756298018,-171.10575548634338,-181.04294068527295,-190.8281985696299,-229.92904541781513,-239.69635869319438,-165.1054281937461,-174.91876841043415,-223.91605644325617,-233.8558990407573,-243.72703301245664,-188.59924505946458,-208.40161151219328,-217.84919391206623,-227.8872282850247
800.0,-178.3898749826973,-198.34468644523528,-217.98978599837142,-237.54282424116386,-162.30695214257608,-172.14285908674017,-181.94389173399074,-192.03855638639627,-201.87113804122063,-241.49705793084354,-166.10120098948684,-175.93070713385438,-185.98973070617816,-195.89428279499654,-235.47285170794586,-245.35972269932586,-169.85801945164198,-179.7911277789915,-229.38712232057506,-239.4485859872971,-249.44051542782248,-193.63965543587787,-213.68418001087977,-223.24642085042834,-233.40740576921357
810.0,-183.27466577370672,-203.47076372349497,-223.35333536741382,-243.14255042647062,-166.99829506186518,-176.9529412902547,-186.87227101291998,-197.08897881940138,-207.04011717457897,-247.14516279646412,-170.83924487304543,-180.787251318869,-190.96816819521268,-200.99206587799299,-241.04855507235098,-251.05503301000945,-174.64216196270328,-184.69509194943745,-234.8900520201387,-245.0731873682619,-255.1859622852113,-198.71173772282154,-218.998526567485,-228.67547231318179,-238.95946098104142
820.0,-188.19070552670237,-208.62818704239388,-228.74832716479713,-248.773807913725,-171.72079677400026,-181.79423220784417,-191.83190918625996,-202.17071127721098,-212.24045081272948,-252.82481330127112,-175.60845808645675,-185.6750149277032,-195.97787805220764,-206.12117081833426,-246.65577142849517,-256.78190364259393,-179.45748390877964,-189.63028728987453,-240.42446275494527,-250.7293185829028,-260.96298725649604,-203.81511604280652,-224.34427150428792,-234.1359668088585,-244.54301070166193
830.0,-193.13762872846425,-213.81658717484893,-234.174388622313,-254.4362208254379,-176.47409487504194,-186.66636779456005,-196.82244030894603,-207.28338600101333,-217.47176964222027,-258.53563313593094,-180.408477793937,-190.5936333108261,-201.01849390025384,-211.28122933899536,-252.29412550347163,-262.5399577695321,-184.30362228134933,-194.59634871892726,-245.9899803748839,-256.41660384009975,-266.7712129095472,-208.94942306886568,-229.72104386682722,-239.62753182835698,-250.1576805218574
840.0,-198.11507772534287,-219.0356035306678,-239.63115586775064,-260.1294221801179,-181.2578349069904,-191.56899186502426,-201.84350664095993,-212.42664343704303,-222.73371238190768,-264.2772547143696,-185.23894919201067,-195.54275011012177,-206.08965756748853,-216.47188162710412,-257.9632510067402,-268.3288274592746,-189.1802218450924,-199.59291953300416,-251.58623988494807,-262.134676331099,-272.6102707082331,-214.1142999381848,-235.1284815102703,-245.1498032403595,-255.8031046693012
850.0,-203.12270332784195,-224.28488355196666,-245.11827332031442,-265.85305328768857,-186.07167035778545,-196.50175643890523,-206.89475838822284,-217.60013223658106,-228.02592638753902,-270.04931908740417,-190.09952550951084,-200.52201674067632,-211.19101908709501,-221.69277590209686,-263.66278993917587,-274.148153071687,-194.08693556973515,-204.61965088808452,-257.2128843224395,-267.88317753856205,-278.4798006669437,-219.30939582025846,-240.56623014935508,-250.70242546407053,-261.47892574945047
860.0,-208.16016377419112,-229.56408254043234,-250.63539325877943,-271.6067637494889,-190.91526231583077,-201.46432087722846,-211.97585361622671,-222.80350899684785,-233.3480665289566,-275.8514753381601,-194.98986757573445,-205.53109256351522,-216.32223609272071,-226.94356850208737,-269.3923924203309,-279.99758343078804,-199.0234240254678,-209.67620171334934,-262.86956484333734,-273.66175723656573,-284.3794510051153,-224.53436757141364,-246.03394370386596,-256.2850507782651,-267.18479474554675
870.0,-213.22712498945296,-234.8728634845846,-256.1821759078602,-277.3902109400594,-195.78827946999397,-206.456352486959,-217.08645790455853,-228.03643765642104,-238.69979553557343,-281.68338049570235,-199.90964356133568,-210.56964419465226,-221.48297373210804,-232.22392293380872,-275.1517165156973,-285.87677504742936,-203.98935495110004,-214.7622383657057,-268.55594054956066,-279.4700729723883,-290.30887788812396,-229.7888798211793,-251.53128360768224,-261.89733932128894,-272.9203702412954
880.0,-218.3232598945717,-240.21089680066913,-261.75828891999754,-283.2030600071426,-200.69039724591758,-211.47752522546796,-222.22624408779345,-233.29858966797335,-244.08078347815956,-287.5446991895599,-204.85852889195704,-215.63734567782743,-226.6729045807255,-237.533510390827,-280.9404277184929,-291.7853922920331,-208.98440351316756,-219.87743445704905,-274.27167797075424,-285.3077899801412,-296.2677450818095,-235.07260436770386,-257.05791906788505,-267.5389586592139,-278.6853183344968
890.0,-223.4482488382175,-245.57785998718228,-267.3634071162516,-289.0449834398381,-205.62129832423236,-216.52752047785245,-227.39489191001937,-238.58964356642795,-249.4907076824735,-293.4351036497255,-209.8362058163848,-220.73387796629336,-231.8917082099231,-242.87200906258965,-286.75819920876876,-297.7231068763787,-214.00825170134996,-225.0214705951563,-280.0164510642891,-291.1745809216618,-302.25572403884456,-240.38522017775495,-262.6135260283303,-273.20958378583794,-284.4793126370463
900.0,-228.60177856035986,-250.973437452133,-272.9972126590396,-294.91566080949593,-210.58067186323714,-221.60602619324672,-232.59208819757467,-243.9092846234829,-254.92925229741752,-299.354272929336,-214.84236323381108,-225.85892857733973,-237.13907092782586,-248.23910404805693,-292.6047109897194,-303.68959759449604,-219.06058824210155,-230.19403429731713,-285.7899407834179,-297.07012536830024,-308.2724931214146,-245.7264129548753,-268.1977878606,-278.9088965181026,-290.3020338430899
910.0,-233.7835427104809,-256.397320426674,-278.65939418844715,-300.8147785969788,-215.56821367163693,-226.712736798453,-237.81752616809706,-249.25720502034892,-260.3961081222998,-305.30189342288503,-219.87669686657185,-231.01219193776876,-242.4146858657025,-253.63448709659497,-298.4796500604211,-309.68455040903444,-224.14110842591379,-235.3948193857516,-291.5918350772748,-302.9941100600259,-314.31773777395534,-251.09587522575103,-273.8103945003132,-284.63658566883134,-296.1531692971792
920.0,-238.99324124299312,-261.84920653325713,-284.34964716770327,-306.74203010629327,-220.58362577669786,-231.84735319794183,-243.07090551689214,-254.63310315679811,-265.8909726932032,-311.2776579161658,-224.93890839645778,-236.19336852020646,-247.71825237338297,-259.05785643523814,-304.3827100703559,-315.70765776031146,-229.24951376183938,-240.62352633308544,-297.4218281999244,-308.94622830084535,-320.39115026404653,-256.49330573563003,-279.4510422743883,-290.3923466148844,-302.03241333974785
930.0,-244.2305801581325,-267.3287996128958,-290.06767327859876,-312.69711494637613,-225.6266164242476,-237.00958251474492,-248.35193215782712,-260.0366839102706,-271.41354967840346,-317.28126575900836,-230.02870572382076,-241.40216527494678,-253.0494760192589,-264.5089165959509,-310.31359131941207,-321.7586188254192,-234.3855119774926,-245.8798616577682,-303.27962122857485,-314.9261799588021,-326.4924293369358,-261.91840970742817,-285.1194341601495,-296.17588103805235,-307.93946652979054
940.0,-249.49527176106548,-272.8358098115337,-295.81318059422335,-318.67973911746344,-230.6968996468307,-242.19913774498002,-253.6603179642237,-265.4676580312925,-276.9635488783684,-323.312422692542,-235.1458027948365,-246.6382950253695,-258.408068676652,-269.98737824289043,-316.2719999805632,-327.83713891364243,-239.5488168463112,-251.163537924073,-309.1649213726269,-320.93367112050106,-332.6212799564323,-267.37089823714695,-290.81527909437574,-301.9868968386873,-313.87403564486357
950.0,-254.78703388456844,-278.36995314820007,-301.5858829743838,-324.6896148383526,-235.79419535007742,-247.41573767148154,-258.99578085522734,-270.9257422298444,-282.54068605302075,-329.37084059008845,-240.28991934239744,-251.9014761224646,-263.7937478328632,-275.49295774056174,-322.25764870445147,-333.9429295528274,-244.73914766934317,-256.47427348298976,-315.07744162819824,-326.968413832002,-338.7774133049066,-272.8504884666117,-296.5382920596695,-307.8251081357026,-319.83583368108447
960.0,-260.1055903208725,-283.9309512559035,-307.38550041107925,-330.7264599418201,-240.91822888085923,-252.659106691063,-264.3580441912246,-276.41065900262385,-288.144682835369,-335.45623711168645,-245.4607804542683,-257.1914330494145,-269.2062365891723,-281.02537741292446,-328.27025584206666,-340.075708143906,-249.95622953435316,-261.81179229948737,-321.01690112359887,-333.0301263579258,-344.96054652418394,-278.35690315162657,-302.2881937389812,-313.6902344892529,-325.82457942128775
970.0,-265.4506701307124,-289.5185314680002,-313.2117581648123,-336.7899982200972,-246.06873111365772,-257.9289748145169,-269.7468369465812,-281.9221363739385,-293.77526621329383,-341.56833561772265,-250.65811691856186,-262.5078954715361,-274.64526383357605,-286.5843649388108,-334.3095454447468,-346.23519796089596,-255.1997928839783,-267.17582395251384,-326.983024687487,-339.11853231776576,-351.1704024564374,-283.88987048923707,-308.0647105156093,-319.58200159168535,-331.8399972622869
980.0,-270.8220078160637,-295.1324264727191,-319.06438728280244,-342.8799589066561,-251.24543827782702,-263.2250772347703,-275.1618934505351,-287.45990772296835,-299.43216878865513,-347.7068652553005,-255.88166461915645,-267.85059823628075,-280.11056363620577,-292.16965361103166,-340.3752470914398,-352.42112763268733,-260.469573602097,-272.56610311678287,-332.9755424170238,-345.23336120410113,-357.40670973055694,-289.44912420409884,-313.8675742140934,-325.50014014474374,-337.8818172148744
990.0,-276.2193430610368,-300.77237431316104,-324.9431239944035,-348.99607676257943,-256.4480915257487,-268.5471542405159,-280.6029531280897,-293.02371152465895,-305.1151282590781,-353.8715603536579,-261.13116462206483,-273.219281805079,-285.6018751629582,-297.78098173179484,-346.4670958887037,-358.633231402149,-265.76531240924635,-277.9823699946181,-338.9941900233501,-351.37434769164537,-363.66920198482944,-295.0344031166331,-319.69652192747645,-331.4443864641509,-343.94977473108423
1000.0,-281.6424205591387,-306.43811795545497,-330.847709797473,-355.1380915583463,-261.67643719193893,-273.8949513025808,-286.0697605000144,-298.61329160882815,-310.82388759069187,-360.0621605969052,-266.40636308906545,-278.6136911305445,-291.1189428482337,-303.4180928718115,-352.5848320388625,-364.87124869428476,-271.08675529446697,-283.42436945226433,-345.0387083133717,-357.54123180998454,-369.9576186442584,-300.64545122939546,-325.55129575819825,-337.41448196139544,-350.04361027234654
1010.0,-287.0909898405352,-312.12940546149514,-336.77789111289593,-361.30574833293934,-266.9302262748352,-279.26821864208216,-291.5620650964749,-304.22839646921494,-316.5581946726527,-366.27841076491814,-271.7070107594888,-284.0335764337944,-296.6615159630912,-309.0807354384517,-358.7282008400053,-371.13492411623247,-276.43365299708944,-288.8918513653631,-351.10884301702276,-363.733758598101,-376.27170371139937,-306.28201738160055,-331.4316431635709,-343.41017314373124,-356.16306948222655
1020.0,-292.56480535841985,-317.845989643466,-342.7334191982164,-367.49879704836894,-272.2092145231645,-284.6667112304269,-297.079621111558,-309.8687796089549,-322.31780205803835,-372.52006056060054,-277.0328633820622,-289.478692427129,-302.229348442511,-314.76866258937537,-364.89695242688043,-377.42400693905137,-281.80576092036523,-294.3845704462147,-357.2043449600026,-369.95167793163654,-382.6112066300495,-311.9438552491218,-337.33731600572065,-349.4312113550713,-362.3079030136858
1030.0,-298.0636260571695,-323.58762806384186,-348.714050320375,-373.7169923305665,-277.5131621768375,-290.0901887029433,-302.622187230534,-315.53419910873583,-328.1024672229542,-378.78686452351485,-282.3836810239583,-294.9487986595074,-307.8221989717632,-320.4816322325325,-371.09084185726374,-383.738251615935,-287.2028390450983,-299.9022858983026,-363.32496963193154,-376.194744695629,-388.9758813351887,-317.6307230853848,-343.26807106980164,-355.4773525168805,-368.4778660108691
1040.0,-303.58721537234425,-329.35408277628017,-354.71954506475794,-379.9600935557535,-282.8418342260546,-295.53841501340474,-308.1895269753318,-321.2244174540598,-333.91195213468893,-385.0785816844068,-287.7592284162707,-300.44365891196543,-313.4398307273011,-326.21940685342514,-377.3096287664834,-390.0774170048913,-292.6246520160133,-305.44476150266263,-369.4704770999826,-382.4627182662999,-395.3654865984563,-323.34238363499827,-349.223669891258,-361.5483573009141,-374.6727184545803
1050.0,-309.1353411443186,-335.1451202392529,-360.74966850793436,-386.2278646777033,-288.19499954761693,-301.01115860676805,-313.78140792721894,-326.93920170798094,-339.7460230789765,-391.39497591068107,-293.15927443580074,-305.9630415430909,-319.0820112040235,-331.98175334236964,-383.5530772810507,-396.4412667142182,-298.07096845080474,-311.0117653587759,-375.64063209524915,-388.75536259742285,-401.77978568267434,-329.0786043064922,-355.2038780648725,-367.64399104284786,-380.8922249031753
1060.0,-314.7077755319122,-340.9605114024151,-366.80419030402595,-392.52007396863496,-293.572431682247,-306.5081920736976,-319.39760207227766,-332.67832316563016,-345.60445074636544,-397.73581521544975,-298.58359227779516,-311.5067189708105,-324.7485123016434,-337.7684427353901,-389.8209560186603,-402.82956858429003,-303.5415614583505,-316.6030697118311,-381.8352035809016,-395.0724460475856,-408.2185462554794,-334.83915639499713,-361.208465849349,-373.76402305132797,-387.13615397434864
1070.0,-320.3042947532836,-346.80003110202273,-372.88288416649283,-398.83649401921275,-298.97390779816124,-312.02929232330314,-325.0378855422975,-338.4415572678456,-351.4870099731116,-404.10087201663947,-304.0319591968394,-317.074467845127,-330.4391098928439,-343.5792504733249,-396.1130378290832,-409.24209494666457,-309.03620820686723,-322.21845112546237,-388.05396483855543,-401.4137412938214,-414.6815403893225,-340.6238156868273,-367.23720756272996,-379.90822712618336,-393.4042789497159
1080.0,-325.9246789995612,-352.6634584064082,-378.9855279545027,-405.1769015658087,-304.3992093820216,-317.57423997855744,-330.70203844203763,-344.2286836011734,-357.3934798275474,-410.48992287788445,-309.50415650685756,-322.6660688753823,-336.15358408238416,-349.4139557972442,-402.4290996214293,-415.67862201950015,-314.55468992390985,-327.8576901362736,-394.29669320916514,-407.7790251588712,-421.168544302362,-346.43236185489724,-373.2898815823967,-386.07638112658157,-399.6963769111248
1090.0,-331.5687126075808,-358.5505765296119,-385.11190350019314,-411.54107740413343,-309.8481218070909,-323.14281980814104,-336.3898449355964,-350.0394855523912,-363.3236430918685,-416.9027484221574,-314.9999693220056,-328.28130648478117,-341.89171868888667,-355.272342093926,-408.7689224505159,-422.13893042576973,-320.09679146452794,-333.52057108110085,-400.5631701793925,-414.16807835207663,-427.6793381857264,-352.26457854509187,-379.36627051780687,-392.26826688466053,-406.01222925886805
1100.0,-337.23618354167246,-364.4611721404299,-391.26179669504023,-417.9288063028674,-315.3204339013881,-328.73482020822854,-342.10109281456585,-355.873750481247,-369.27728660760914,-423.3391333317699,-320.51918664304054,-333.9199690694983,-347.6533015039438,-361.15419655038016,-415.13229134413,-428.62280450230907,-325.6623017431093,-339.2068821833806,-406.85318112250025,-420.58068572848714,-434.2137062898825,-358.12025328989654,-385.46616051954334,-398.48367029189626,-412.35162110710206
1110.0,-342.92688356639815,-370.3950360533663,-397.4349970580147,-424.33987674455415,-320.81593863864015,-334.35003337522636,-347.83557384350803,-361.7312694613513,-375.2542009301665,-429.7988659165276,-326.0616010118445,-339.5818487395711,-353.43812403301064,-367.0593101538484,-421.51899495755316,-435.13003247255506,-331.25101321516746,-344.9164154667819,-413.16651512561447,-427.01663594338396,-440.7714367518983,-363.999177249291,-391.589341797528,-404.7223808672591,-418.71434145658355
1120.0,-348.6406079874452,-376.35196253768163,-403.6312979083187,-430.7740811847068,-326.3344322745922,-339.9882552194042,-353.59308315537254,-367.6118371938091,-381.25418032880106,-436.28173837283697,-331.6270086841629,-345.2667411461627,-359.24598149540566,-372.9874774326979,-427.92882600540537,-441.66040644654527,-336.8627220500786,-350.64896632336075,-419.5029650760928,-433.4757213659115,-447.3523214227045,-369.9011453834866,-397.7356081028076,-410.98419184358266,-425.10018310830156
1130.0,-354.377155651626,-382.3317495764991,-409.8504961062799,-437.2312155335951,-331.8757146061147,-345.6492849330502,-359.3734196833406,-373.51525192085046,-387.2770225275294,-442.7875466109678,-337.21520945686603,-350.97444556793,-365.07667247883455,-378.9384965427899,-434.361580397956,-448.2137220754427,-342.49722795834424,-356.404334118143,-425.86232748878723,-439.95773790633933,-453.9561556943575,-375.8259560210827,-403.90475681392314,-417.26890016756334,-431.5089423180013
1140.0,-360.13632903324736,-388.33419834859177,-416.0923922260888,-443.71107932898275,-337.43958897120336,-351.3329253359465,-365.17638555624325,-379.44131542583074,-393.32252887786245,-449.31608982320813,-342.82600640884306,-356.7047644791797,-370.9299990257594,-384.9121691811108,-440.8170581048135,-454.78977855153533,-348.1543337597468,-362.18232106632877,-432.24440250604385,-446.46248510243123,-460.5827386727765,-381.77341120454116,-410.09658876417217,-423.5763061542852,-437.9404191416599
1150.0,-365.9179338022653,-394.3591138329646,-422.35678986484805,-450.2134753906521,-343.0258617307658,-357.0389824435252,-371.0017863576677,-385.389832774124,-399.39050392696055,-455.8671710020779,-348.4592059873701,-362.45750406808133,-376.80576680613655,-390.90830024029674,-447.2950620321291,-461.3883785218677,-353.8338459879316,-367.98273326971866,-438.64899337948964,-452.9897661194452,-467.2318729186368,-387.74331599923613,-416.31090824160833,-429.90621374632616,-444.39441674453525
1160.0,-371.7217789106548,-400.4063040315346,-428.64349633352305,-456.73821025224834,-348.6343429595725,-362.76726563960545,-376.84943103958904,-391.36061248586026,-405.4807557631095,-462.4405962493782,-354.1146180081114,-368.2324734593478,-382.7037844264651,-396.9266980677401,-453.7953987999171,-468.00932817460944,-359.5355742858246,-373.8053797666565,-445.07590716098315,-459.53938714555085,-473.9033643610016,-393.7354790116665,-422.54752290267265,-436.25843008191396,-450.8707420057485
1170.0,-377.5476764196712,-406.47558014186785,-434.95232196599113,-463.28509338395975,-354.26484540983023,-368.51758750365616,-382.7191316632625,-397.35346601771283,-411.59309558387554,-469.03617503529716,-359.7920552232734,-374.0294850597099,-388.62386394800046,-402.9671742064829,-460.3178782238411,-474.6524367208421,-365.2593313192636,-379.6500729638733,-451.5249537525572,-466.11115782367415,-480.5970221245835,-399.74971213034996,-428.8062435994561,-442.63276549492593,-457.3692047409634
1180.0,-383.39544175895736,-412.56675664354935,-441.28308055088587,-469.8539375379931,-359.91718537487094,-374.28976355168925,-388.6107033992243,-403.368208194742,-417.72733769610585,-475.6537201120413,-365.49133366708156,-379.8483544715485,-394.565820368541,-409.02954330884785,-466.8623131424769,-481.3175168264035,-371.00493312247403,-385.51662820464304,-457.9959464246322,-472.7048911651286,-487.3126587024822,-405.7858300939783,-435.08688420696103,-449.0290336876269,-463.8896180478623
1190.0,-389.26489320833025,-418.6796511254447,-447.63558855427726,-476.4445588349425,-365.591181652725,-380.08361258173494,-394.5239645272913,-409.4046568649203,-423.88329951592823,-482.29304725472934,-371.21227239667274,-385.68890032015605,-400.5294718815348,-415.1136229637005,-473.42851984915643,-488.00438418004325,-376.772198407117,-391.4048639415205,-464.48870164327764,-479.32040285866395,-494.0500896107101,-411.84365083689255,-441.38926188220853,-455.4470512124554,-470.43179830614616
1200.0,-395.1558520705186,-424.8140839402247,-454.0096658106222,-483.05677615920723,-371.2866564961791,-385.89895606925967,-400.4587361774543,-415.4626328127629,-430.06080156875106,-488.95397526139146,-376.95469331935806,-391.55094390826116,-406.51463961697254,-421.21923404192506,-480.0163172282791,-494.7128574070539,-382.56094925324163,-397.314601736341,-471.00303881110636,-485.9575121341549,-500.8091333881901,-417.92299531634586,-447.7131966323938,-461.8866379038687,-476.9955648320585
